order_id,product_id,quantity
1,11,2
2,16,5
3,3,3
3,8,5
3,13,5
4,15,5
4,13,2
4,19,2
4,4,4
5,5,5
5,17,1
5,4,1
6,15,2
7,19,3
7,7,5
7,14,2
8,3,5
9,13,1
10,16,5
10,11,2
10,18,3
11,2,3
11,18,5
12,20,5
13,13,5
13,3,2
14,16,3
15,9,2
15,3,2
16,5,1
16,16,5
16,18,4
16,13,1
17,11,1
18,6,5
19,7,3
19,19,1
20,1,5
21,10,2
22,8,3
22,9,5
22,2,3
22,20,1
23,16,1
23,18,2
23,14,3
24,5,5
25,19,2
26,6,5
27,1,3
28,1,1
28,5,2
28,17,4
28,2,4
29,2,2
29,14,5
30,11,2
30,3,4
30,2,3
30,8,1
31,2,4
31,18,3
31,14,1
32,19,4
32,3,2
32,5,1
32,4,2
33,10,5
33,12,4
33,19,5
33,1,4
34,2,3
34,1,4
34,12,1
34,4,4
35,14,4
35,10,3
35,3,5
35,20,5
36,20,4
36,4,5
37,14,3
37,9,5
37,8,5
37,18,3
38,11,4
38,12,1
39,4,3
39,7,2
39,8,2
39,18,2
40,2,4
40,17,2
40,8,2
40,19,4
41,12,2
41,13,5
41,2,3
41,11,5
42,13,3
42,3,4
43,13,4
43,8,1
44,11,3
44,3,2
44,17,1
44,20,4
45,4,4
46,20,5
46,5,3
46,2,3
47,1,3
48,7,3
48,20,5
48,3,2
49,1,2
49,8,2
49,11,3
50,5,4
51,7,2
51,14,3
52,8,2
53,6,4
53,14,1
53,19,2
53,9,2
54,9,5
55,17,3
55,11,3
56,1,4
57,17,2
57,16,5
58,17,5
58,16,3
58,2,3
59,18,3
59,11,3
60,3,5
61,8,2
61,16,3
61,17,4
62,17,3
62,8,1
62,16,1
62,13,5
63,5,1
64,14,2
64,1,3
64,2,3
64,8,3
65,14,4
66,7,1
66,20,4
66,8,5
67,1,5
67,17,5
67,13,5
68,13,4
68,2,2
68,12,3
68,10,3
69,14,5
69,16,4
69,12,3
70,16,4
70,15,5
71,19,1
72,10,3
72,18,2
72,20,3
73,13,5
74,11,3
74,15,2
75,7,5
76,7,1
76,10,5
77,16,3
77,19,2
77,1,4
77,10,3
78,1,2
78,9,1
78,14,3
79,14,1
79,15,2
79,4,1
79,8,3
80,18,4
80,1,1
80,11,1
80,5,2
81,15,3
81,19,5
82,18,5
82,6,2
83,6,1
83,12,3
83,20,5
84,18,4
84,9,3
85,4,1
86,8,5
86,7,2
86,1,3
87,3,2
87,20,3
87,10,5
88,16,3
88,7,4
88,15,3
88,18,4
89,11,3
89,4,2
89,18,4
89,3,3
90,15,3
90,5,1
90,14,3
90,1,4
91,20,1
91,3,3
91,9,4
91,1,4
92,19,1
92,2,3
92,17,2
92,6,2
93,13,1
93,16,2
93,12,5
93,17,1
94,11,4
94,16,1
94,3,3
94,8,2
95,10,5
95,8,4
95,19,2
95,20,5
96,11,1
96,7,1
97,11,3
98,18,2
99,15,5
100,6,3
100,3,3
100,13,3
101,5,4
101,12,2
101,18,2
102,15,3
102,3,5
103,9,1
103,2,1
103,17,2
103,3,4
104,16,4
104,9,3
104,20,2
104,7,2
105,1,2
106,12,2
107,20,2
107,7,1
107,6,1
107,1,3
108,5,3
109,3,5
109,9,3
109,12,1
109,1,3
110,6,4
111,11,2
111,14,2
111,2,5
111,18,5
112,12,2
112,10,3
112,15,3
112,11,2
113,12,4
113,20,1
113,9,2
113,8,1
114,1,1
114,16,5
115,10,1
115,12,3
115,2,1
115,15,5
116,19,1
117,5,4
118,14,1
118,4,5
118,8,3
119,18,4
120,14,2
121,13,3
121,3,1
121,19,1
122,20,4
123,13,4
124,1,2
124,18,5
124,5,1
124,14,5
125,2,3
125,10,5
126,7,2
126,3,5
126,17,4
126,2,5
127,1,3
128,9,5
128,15,5
128,2,5
128,1,1
129,8,3
129,16,1
129,17,1
129,1,5
130,4,2
130,8,3
130,10,2
131,2,5
131,8,4
131,17,1
131,10,1
132,5,3
132,4,5
133,14,1
133,10,4
133,1,2
134,5,5
134,13,2
134,20,2
135,8,2
135,5,4
135,1,3
136,16,5
136,4,5
136,5,3
136,6,4
137,3,2
138,8,1
138,1,5
138,17,3
139,4,4
139,20,1
139,5,3
139,2,2
140,5,4
140,12,1
140,17,2
140,1,3
141,1,5
141,16,1
141,20,4
141,19,5
142,1,3
142,17,3
143,20,1
143,6,4
143,14,4
144,12,1
144,1,3
145,6,2
145,13,2
145,7,1
146,16,4
146,1,2
146,2,2
147,15,2
147,4,3
147,17,5
147,5,1
148,7,1
149,12,4
149,6,1
149,15,3
150,19,1
150,4,2
150,16,3
151,4,3
152,3,1
152,19,5
152,12,4
152,1,4
153,18,5
153,11,2
153,7,1
154,1,2
154,20,4
154,11,5
154,13,2
155,20,2
155,8,2
155,14,3
155,13,3
156,17,2
156,3,2
157,6,4
158,9,3
158,13,5
159,7,3
159,4,4
160,15,5
161,18,5
161,6,3
162,14,5
163,3,1
163,20,2
164,2,4
164,13,2
164,4,3
164,20,2
165,3,3
165,7,1
165,6,1
165,8,4
166,17,4
166,11,2
167,6,3
168,10,5
168,14,5
169,10,4
169,5,1
169,1,4
169,17,2
170,13,4
170,2,5
170,7,3
170,8,3
171,20,4
171,17,4
172,8,3
172,2,4
173,4,3
174,2,3
174,4,5
174,19,2
174,17,4
175,1,5
175,18,1
175,12,2
175,14,5
176,14,2
177,12,5
177,15,4
177,19,1
177,8,4
178,7,1
178,12,3
179,15,5
180,19,2
180,14,3
181,19,1
181,7,2
182,2,5
182,19,1
183,5,3
183,4,1
183,20,3
184,7,3
184,14,5
184,12,1
185,20,5
185,19,1
185,12,1
186,6,1
186,5,1
186,11,4
187,11,2
187,6,3
188,3,4
188,7,4
189,3,2
189,15,4
190,12,5
190,10,3
190,11,5
190,16,1
191,17,4
191,12,5
191,2,1
192,11,1
192,2,4
193,7,2
193,5,1
193,4,4
194,1,1
194,20,3
194,4,3
194,5,5
195,13,2
195,3,3
196,14,2
196,20,1
196,4,1
197,18,1
197,20,5
198,20,3
199,5,2
199,13,2
200,8,4
200,1,5
200,19,3
200,11,3
201,7,1
202,9,5
203,11,3
203,8,1
204,18,5
204,1,4
205,10,2
205,6,2
205,14,3
205,2,5
206,13,1
206,19,3
206,12,4
206,6,1
207,12,5
207,9,1
207,4,5
208,15,2
209,6,2
210,11,1
210,20,3
210,9,2
211,13,1
212,4,3
212,1,2
212,10,5
213,15,2
214,11,4
214,16,1
214,6,4
215,12,5
215,7,1
215,8,5
216,19,5
217,15,3
217,18,4
217,13,2
217,8,2
218,14,5
218,10,2
218,12,1
218,15,2
219,5,3
219,2,2
219,8,3
219,9,1
220,9,5
221,4,4
221,9,4
221,19,1
221,20,2
222,11,3
222,1,5
222,3,3
222,12,4
223,15,4
223,11,4
223,18,2
223,8,5
224,18,4
224,10,1
224,3,5
225,12,3
225,9,3
225,7,5
225,3,5
226,16,3
226,13,2
227,15,1
227,4,4
228,6,3
228,5,5
228,9,5
229,9,1
229,12,4
229,18,5
229,16,1
230,2,1
230,17,5
230,3,2
230,16,2
231,5,5
231,3,1
232,5,2
232,9,5
232,18,4
233,9,3
233,19,4
234,19,5
234,11,5
234,3,5
235,20,4
236,3,5
236,5,5
236,11,3
237,19,5
237,9,4
237,14,3
237,12,4
238,18,4
238,20,1
239,19,5
239,7,4
240,5,1
240,11,2
240,8,5
241,12,2
241,10,5
241,18,5
242,13,5
242,5,4
242,14,3
243,9,4
244,15,1
244,10,3
244,2,1
245,17,2
245,11,4
245,16,2
245,20,1
246,9,3
247,20,1
247,12,4
247,11,3
247,16,4
248,8,1
248,18,1
248,1,2
249,14,2
249,12,2
250,10,3
250,8,4
250,3,1
251,19,4
251,16,1
252,8,1
252,14,2
252,11,5
252,2,2
253,8,4
253,17,1
253,20,5
254,18,3
255,19,4
255,15,4
256,8,5
256,13,1
257,1,4
257,5,4
257,7,1
257,12,5
258,9,2
258,4,2
259,9,1
260,19,4
260,10,3
260,12,1
261,13,2
261,6,4
261,19,3
261,12,5
262,20,3
262,7,1
262,18,1
263,20,3
263,16,2
263,4,5
264,4,1
264,3,3
265,4,5
265,1,1
266,14,2
267,6,2
267,1,1
267,20,1
268,20,4
269,11,3
269,7,4
270,8,2
270,16,2
270,1,5
271,17,3
271,8,1
271,10,4
272,8,1
272,17,4
273,3,3
273,14,5
273,19,1
274,6,1
274,17,5
275,6,2
275,10,2
275,12,1
275,8,3
276,20,5
276,9,1
276,17,2
277,20,2
277,10,5
277,5,2
277,7,5
278,1,1
279,17,2
280,2,4
281,10,5
281,18,5
281,7,2
281,13,1
282,9,1
282,7,4
282,11,5
282,5,5
283,1,4
283,10,1
283,19,1
284,20,2
284,4,5
284,19,1
285,19,3
286,3,3
286,14,5
287,9,2
287,11,1
287,2,2
288,2,5
288,1,5
288,10,5
289,20,3
289,9,2
289,2,1
289,11,1
290,3,5
290,12,3
290,17,1
290,11,4
291,14,2
291,13,1
291,10,1
291,16,5
292,9,3
292,14,1
292,8,2
293,18,5
294,1,3
294,17,5
294,6,4
294,14,5
295,6,5
295,5,4
295,8,4
296,2,3
296,8,5
297,9,5
298,4,4
298,16,2
299,16,3
299,2,5
299,18,3
300,7,1
300,12,1
300,1,2
300,16,3
301,15,3
301,12,1
302,4,4
303,12,3
303,4,2
304,6,1
304,4,2
304,13,3
304,16,3
305,20,4
305,2,5
305,1,3
305,18,2
306,3,3
307,15,5
307,4,2
308,7,1
308,14,2
308,15,5
309,10,3
310,13,5
310,1,4
310,14,4
311,19,4
311,7,3
312,18,2
313,2,1
313,8,5
314,1,4
315,13,3
315,1,4
315,4,4
315,18,5
316,9,5
317,17,3
317,3,2
318,13,2
318,1,1
318,9,2
319,9,1
319,19,2
320,2,1
320,12,1
320,8,4
320,16,4
321,2,3
322,12,4
323,4,4
323,2,5
323,8,1
323,13,3
324,6,3
324,13,2
324,12,4
325,2,3
325,17,3
325,4,4
325,7,5
326,20,3
327,11,1
327,15,2
327,6,4
327,20,5
328,17,5
328,1,4
328,3,5
329,14,5
329,6,4
330,3,4
330,9,2
330,19,4
330,6,4
331,19,3
331,18,1
332,6,1
332,9,5
332,8,4
332,7,5
333,6,5
333,16,4
333,14,5
333,20,1
334,7,4
334,16,2
334,10,5
335,18,4
336,8,5
336,6,1
337,16,5
337,5,5
338,13,4
339,17,3
339,19,3
340,5,5
340,14,1
340,2,3
341,15,5
341,10,5
341,5,2
341,3,4
342,18,4
342,1,4
342,10,3
343,3,3
343,4,3
343,16,5
343,9,4
344,9,4
344,14,2
344,18,4
344,17,1
345,2,2
346,20,2
347,17,3
347,13,5
347,6,5
347,8,2
348,6,3
348,20,5
349,8,5
349,18,2
349,3,2
350,14,5
351,4,4
351,18,2
351,11,4
351,6,5
352,5,5
353,1,3
353,16,1
354,20,5
354,17,5
354,16,2
354,14,3
355,14,3
355,15,4
355,16,4
356,12,5
356,7,1
356,11,4
356,19,5
357,3,5
357,15,5
358,2,3
358,16,5
358,1,4
358,15,1
359,7,1
359,13,1
359,1,4
360,7,4
360,13,5
361,9,5
361,12,4
361,20,3
361,1,4
362,10,3
363,1,5
363,7,5
363,9,3
364,19,4
365,2,4
366,14,5
366,9,1
367,6,3
367,8,3
367,18,1
367,4,1
368,12,5
369,18,4
370,11,2
370,19,3
371,8,4
371,20,2
371,9,2
372,19,1
373,4,3
374,3,1
374,1,1
374,15,3
374,10,1
375,14,3
375,7,1
375,18,4
375,10,1
376,7,1
376,14,5
376,12,4
377,7,4
377,1,4
377,17,5
377,15,3
378,3,1
378,12,1
378,18,3
378,10,5
379,10,3
379,11,3
379,13,3
380,18,2
380,4,1
380,1,5
380,20,1
381,13,2
381,17,5
381,8,2
381,15,4
382,3,2
383,19,5
383,12,1
384,19,4
384,11,2
384,17,2
385,19,4
385,20,2
385,11,5
385,18,4
386,4,4
386,13,1
386,3,4
387,5,1
388,18,1
389,12,2
389,16,2
390,15,1
391,5,1
391,3,1
391,13,1
391,14,1
392,7,5
393,14,2
394,19,4
395,6,1
395,18,4
395,14,2
395,1,1
396,5,4
396,13,4
396,2,3
397,4,1
397,15,3
397,6,5
397,20,5
398,4,5
398,10,5
399,13,5
399,15,1
399,19,2
400,10,2
401,17,5
401,14,3
401,3,3
402,7,2
402,16,5
402,1,3
403,16,5
403,19,1
404,20,5
404,16,1
404,10,4
404,11,2
405,7,4
405,20,4
405,2,3
406,7,5
406,9,4
406,3,2
407,13,4
407,7,1
407,4,3
408,1,3
408,2,5
408,11,1
408,5,2
409,7,4
409,11,2
409,2,4
409,17,1
410,11,3
410,17,3
411,8,2
411,11,1
411,19,5
412,18,5
412,3,5
412,8,3
412,7,5
413,14,4
413,1,1
413,2,2
414,8,4
414,14,5
415,1,3
415,15,2
415,2,4
415,16,3
416,9,4
416,14,2
416,2,1
417,12,4
417,16,4
418,6,2
418,16,3
418,4,3
418,20,1
419,3,4
420,5,1
420,11,5
420,17,4
420,6,1
421,11,4
421,7,2
421,2,5
421,17,5
422,19,3
423,16,4
423,20,1
424,16,3
425,6,3
426,19,2
426,13,5
426,9,5
427,20,2
428,6,2
429,12,3
429,6,1
429,19,4
430,5,5
430,8,3
430,15,4
431,7,3
431,16,3
431,3,5
432,18,1
432,1,3
432,13,3
432,11,3
433,11,3
433,3,3
433,9,3
433,6,2
434,10,3
435,4,1
436,17,1
436,14,5
437,8,3
437,11,4
438,10,4
438,13,4
438,3,4
439,20,5
439,8,2
439,19,5
440,6,4
440,4,5
440,18,3
441,7,5
441,3,3
442,8,5
442,11,2
442,10,4
442,14,5
443,17,3
443,9,4
443,5,3
444,12,2
445,18,1
445,14,1
446,5,4
447,12,2
448,7,4
448,1,1
449,11,5
449,20,5
449,5,5
450,5,3
450,20,5
450,12,1
451,17,5
451,2,1
452,12,4
452,18,4
453,10,3
453,18,2
453,16,3
454,8,4
455,12,2
455,18,3
455,10,5
455,13,5
456,8,4
457,6,1
457,15,4
457,14,3
458,18,1
459,4,3
459,3,2
460,6,5
461,14,3
461,4,4
461,5,4
461,8,5
462,4,5
462,15,4
462,6,1
462,9,5
463,6,4
463,5,5
463,7,4
464,4,3
464,5,3
465,1,3
466,4,4
467,20,4
467,3,5
468,10,1
468,3,2
469,10,3
469,20,3
469,6,3
470,2,5
471,15,5
471,19,1
472,11,2
472,2,2
472,17,4
473,6,2
473,16,5
473,17,3
474,4,5
474,5,2
474,6,5
474,20,2
475,5,5
475,19,5
475,12,4
475,6,1
476,8,5
476,2,2
477,11,4
478,15,1
478,8,2
479,15,2
479,1,1
480,16,1
480,2,5
480,13,1
480,5,5
481,16,1
481,8,4
481,20,4
481,11,2
482,8,1
482,16,2
483,9,5
483,3,1
484,3,1
484,9,3
485,8,4
486,6,1
486,18,3
486,4,2
487,15,5
488,11,5
488,6,2
489,13,1
489,2,4
489,1,1
490,13,5
490,5,1
491,8,5
492,4,2
492,1,3
492,10,5
493,4,2
493,5,3
493,11,4
493,1,5
494,8,1
494,19,4
495,7,3
495,2,3
495,19,5
496,15,3
496,4,1
496,2,3
497,4,4
497,7,1
498,14,2
498,17,5
499,16,2
499,12,1
500,17,2
500,10,2
500,15,5
501,18,5
502,16,4
503,18,4
504,14,3
505,10,5
506,17,3
506,6,5
506,7,3
507,10,3
508,10,4
508,14,5
508,12,5
509,6,4
510,17,2
510,2,3
510,19,2
511,16,1
512,3,4
512,14,3
512,16,3
513,6,1
514,18,2
515,20,1
515,14,5
515,4,1
516,4,4
516,19,2
516,15,4
516,1,1
517,9,2
517,2,3
517,7,2
518,10,4
519,10,3
519,11,3
519,20,4
519,12,3
520,11,1
520,1,4
521,13,5
521,5,1
521,19,5
522,14,3
522,2,2
522,3,5
522,15,3
523,14,4
523,2,1
524,18,2
524,9,2
525,12,3
525,5,5
526,9,4
526,16,2
527,11,1
528,16,3
529,3,4
529,4,4
530,4,5
530,10,2
531,2,3
531,17,1
532,14,4
532,9,4
533,7,3
534,17,3
534,10,5
535,13,1
536,16,2
537,15,3
537,12,5
537,5,1
538,4,4
538,12,2
538,17,1
538,14,1
539,12,2
540,4,4
540,1,1
540,18,1
540,8,5
541,6,2
541,14,3
541,1,1
542,8,1
542,3,3
543,18,3
543,17,5
543,7,2
543,16,1
544,11,2
544,14,5
545,4,5
545,17,2
546,7,4
546,14,1
547,5,4
547,6,4
547,12,1
548,5,5
549,5,4
549,6,1
550,7,1
550,15,2
551,1,5
551,7,3
551,18,3
552,3,1
552,8,1
552,9,3
552,19,3
553,11,3
553,10,5
554,8,2
555,18,1
555,15,1
556,2,4
556,16,3
557,7,2
557,3,2
557,9,4
558,7,5
559,17,4
559,6,1
559,14,2
560,5,5
560,8,4
560,16,3
560,11,5
561,11,2
562,1,2
562,8,3
562,19,4
562,6,3
563,6,5
563,16,1
563,2,3
563,1,5
564,13,1
564,9,1
565,1,3
565,16,5
566,9,2
567,3,2
567,14,1
567,4,2
568,9,4
568,5,2
568,12,1
569,8,2
569,9,3
570,20,5
571,9,1
571,2,2
572,17,5
573,5,4
573,8,4
573,3,5
574,19,2
574,10,4
574,2,1
575,9,1
575,2,5
576,6,2
576,17,5
576,11,4
576,12,4
577,17,1
577,7,2
577,2,4
577,9,2
578,10,1
578,18,4
578,14,5
578,17,5
579,1,5
579,20,2
579,16,5
579,13,1
580,1,2
581,12,1
582,1,5
582,18,5
582,4,5
582,20,1
583,9,3
583,6,2
583,1,2
584,14,3
584,2,4
584,12,1
584,7,4
585,2,4
585,6,3
586,16,5
586,1,5
587,9,4
587,4,5
587,14,1
588,3,3
588,12,1
588,10,5
588,19,1
589,5,2
590,10,3
590,5,2
590,7,4
590,14,2
591,11,5
591,5,5
592,12,4
592,13,3
593,12,2
593,4,3
594,6,3
595,5,2
595,7,4
595,11,4
596,2,1
596,19,4
596,16,4
596,18,5
597,15,5
597,18,1
598,6,1
599,7,2
599,14,2
599,1,1
600,10,3
601,19,5
601,10,3
601,3,2
602,7,4
602,1,2
602,15,4
602,14,1
603,1,2
603,3,2
603,10,3
604,2,3
604,10,1
604,17,2
605,15,2
605,3,3
606,13,4
606,17,3
607,8,5
608,8,3
608,18,2
608,11,2
609,11,3
610,1,1
610,20,5
610,14,1
611,13,5
611,11,4
611,17,4
612,18,3
612,1,4
613,2,1
614,12,3
615,8,4
616,10,2
616,7,3
616,9,4
617,14,4
617,7,4
618,7,5
618,13,5
618,20,2
619,14,4
620,9,2
620,1,1
621,11,2
622,7,2
622,9,4
623,11,5
623,17,5
623,2,2
624,15,3
625,1,4
625,20,5
625,12,4
625,13,1
626,10,2
626,20,4
626,11,3
627,20,1
627,16,4
627,15,1
627,7,1
628,4,2
628,12,2
628,6,1
628,5,2
629,16,2
629,6,2
629,10,1
629,11,2
630,11,2
630,5,5
630,3,5
631,18,4
631,3,3
631,11,3
631,17,3
632,18,5
632,15,4
632,12,2
633,4,2
634,6,2
634,15,3
634,14,1
634,4,2
635,5,4
635,15,5
635,4,5
635,11,3
636,20,3
636,6,3
636,18,2
636,2,3
637,18,1
638,10,3
638,11,2
638,13,1
638,5,2
639,13,3
639,3,2
639,19,3
639,4,1
640,14,3
640,7,5
640,16,3
641,4,1
641,16,1
641,8,5
642,4,1
642,14,5
642,9,4
642,10,3
643,9,3
643,17,4
644,19,3
645,9,3
646,3,4
647,3,5
647,10,2
647,2,5
648,9,1
649,19,3
649,20,1
649,5,2
650,12,5
650,5,1
651,2,5
651,11,1
651,9,3
651,5,5
652,5,1
652,19,2
652,7,2
652,14,3
653,7,2
653,19,4
654,14,4
654,9,4
654,3,5
654,15,1
655,10,4
655,18,2
655,20,5
656,2,5
657,12,4
657,17,3
657,9,1
657,20,5
658,12,2
658,2,5
658,4,4
659,8,1
659,16,5
659,17,1
659,3,2
660,10,4
661,18,1
661,7,2
662,16,2
662,6,1
662,17,2
663,13,4
663,6,3
663,1,5
663,14,3
664,9,3
665,11,3
665,6,5
666,14,3
667,3,1
667,13,1
667,14,3
668,13,4
669,12,4
669,4,3
669,1,2
670,17,3
670,12,4
671,20,5
671,2,1
671,1,3
671,9,4
672,10,2
673,10,3
674,16,1
675,2,2
675,15,4
675,20,5
676,4,1
676,10,3
677,4,2
677,19,1
677,20,5
678,2,1
678,9,4
678,10,4
679,2,3
680,4,1
680,3,5
680,20,3
680,9,4
681,18,3
681,13,2
682,5,3
682,20,1
683,15,1
683,14,4
684,20,5
684,8,4
684,1,5
684,13,1
685,8,3
685,18,2
685,19,2
685,16,4
686,9,3
686,2,3
687,11,2
688,20,1
688,11,5
689,14,2
690,1,5
690,20,1
690,7,4
691,10,2
692,1,5
692,3,3
692,19,1
693,7,5
694,2,3
695,5,5
695,16,5
695,19,3
695,1,2
696,10,1
697,8,5
698,11,2
698,20,1
699,3,2
699,13,5
700,7,1
700,6,2
700,19,5
701,19,1
701,5,1
701,14,1
701,7,3
702,6,5
702,4,2
702,20,1
703,15,4
703,13,1
703,6,4
703,5,5
704,15,3
704,1,2
704,18,5
705,11,5
706,11,5
707,13,1
707,1,2
708,20,1
708,8,4
708,1,4
708,16,5
709,1,4
710,8,2
710,1,1
710,19,3
710,2,5
711,14,5
711,6,5
711,11,2
712,2,2
712,14,4
712,13,1
712,9,5
713,4,2
713,14,4
713,20,5
714,3,5
715,5,1
716,11,5
716,20,2
716,3,5
716,6,1
717,10,5
717,2,2
718,18,3
718,15,1
718,5,2
718,3,2
719,6,3
719,1,1
720,13,2
720,15,5
721,5,4
721,13,2
721,11,1
722,12,5
722,1,2
723,12,4
723,19,4
723,9,3
724,12,3
724,5,1
724,1,2
725,19,1
725,18,3
725,1,4
725,15,1
726,7,1
726,12,5
726,3,3
727,7,3
728,6,3
728,20,2
728,2,2
728,11,3
729,7,4
729,2,4
730,13,3
730,20,4
731,15,3
731,3,2
731,19,1
732,5,5
732,16,2
733,14,3
733,12,5
733,16,4
734,12,3
734,10,3
735,16,3
735,6,2
735,17,1
736,19,3
736,8,4
737,17,4
738,17,1
738,10,5
739,7,4
739,4,4
739,9,3
739,17,5
740,10,4
740,16,4
740,11,3
741,16,2
741,14,5
742,2,3
743,8,1
743,13,3
743,14,3
743,9,1
744,2,3
744,20,3
744,9,3
744,4,2
745,2,3
746,12,1
746,15,2
746,6,2
746,11,1
747,2,4
747,18,1
747,14,4
748,5,5
748,10,4
748,1,2
749,19,4
750,15,5
751,11,2
752,4,5
752,10,4
752,12,1
752,3,5
753,3,2
753,7,5
753,12,1
753,2,1
754,15,1
754,10,5
755,6,5
755,1,3
755,20,2
755,13,4
756,8,5
756,19,4
756,15,5
757,3,5
757,15,1
757,1,5
757,4,5
758,6,2
759,16,3
759,14,3
759,3,2
760,3,3
761,19,2
762,1,3
762,17,3
762,15,1
763,18,5
763,9,4
763,15,1
764,2,4
765,20,2
765,19,1
765,13,3
765,8,1
766,20,2
766,16,5
766,8,5
766,13,1
767,9,2
768,11,4
768,10,5
768,19,1
769,15,1
769,19,4
769,1,5
770,3,4
771,18,4
772,19,4
773,16,5
773,13,5
774,9,2
774,13,4
774,6,4
774,2,1
775,18,3
775,19,1
776,6,4
776,1,5
777,17,1
777,7,2
777,8,4
777,16,1
778,1,1
778,10,2
778,3,4
779,5,1
780,5,5
780,3,2
780,4,2
781,8,4
782,14,4
782,4,3
782,13,5
783,9,5
783,2,5
784,9,1
784,3,1
784,2,5
784,8,3
785,19,4
785,8,5
786,19,3
787,4,5
787,13,5
787,9,1
788,20,3
788,5,1
788,17,3
788,15,4
789,6,1
789,2,5
789,12,4
790,6,4
790,18,5
791,8,4
792,16,2
792,15,5
792,4,3
792,19,3
793,19,4
793,5,2
794,12,2
795,16,1
795,8,2
796,6,1
796,4,1
797,15,5
797,5,5
798,19,1
798,2,5
798,9,5
799,6,4
800,17,1
801,13,2
801,6,2
801,20,5
801,5,2
802,16,5
802,8,4
802,2,3
802,5,4
803,4,4
803,16,4
804,1,5
804,9,3
804,8,3
804,6,1
805,6,2
806,18,4
807,12,1
808,5,3
808,10,2
809,3,1
809,13,2
809,18,5
809,7,2
810,19,3
810,13,3
811,1,3
812,3,5
812,10,5
812,15,4
813,10,5
813,15,2
813,18,4
814,1,5
815,2,5
815,17,5
816,19,4
817,2,5
818,9,5
818,8,3
818,6,3
818,13,2
819,17,2
819,19,1
819,1,1
820,5,3
820,13,3
820,4,2
820,10,2
821,13,1
822,5,1
822,7,3
822,18,4
822,1,3
823,17,1
823,3,5
823,15,5
823,11,4
824,5,3
825,1,2
825,2,5
826,14,3
827,7,5
828,19,3
828,3,3
829,3,3
829,19,1
829,13,1
830,20,3
830,12,1
831,11,2
831,2,4
832,14,3
832,5,4
833,19,4
833,9,1
833,10,1
833,6,3
834,10,1
834,5,1
834,6,4
835,9,4
835,10,2
835,11,3
836,4,3
836,2,3
836,19,2
836,10,4
837,4,4
837,18,3
837,16,3
837,20,2
838,7,4
838,1,5
838,11,4
838,16,4
839,20,4
839,5,5
839,2,4
840,3,5
840,5,3
841,15,5
841,5,1
841,19,5
842,11,1
843,1,3
843,17,1
843,16,3
844,11,4
845,9,1
845,16,4
845,20,2
845,17,2
846,18,1
846,12,1
847,16,2
848,6,3
848,4,3
849,13,4
849,6,2
849,10,4
849,2,5
850,7,1
851,7,2
851,3,3
851,4,4
851,8,2
852,12,2
852,8,5
852,13,5
852,17,3
853,13,4
853,3,4
853,10,3
853,7,4
854,5,1
854,8,1
854,4,2
855,2,2
855,13,5
856,20,3
856,6,1
856,17,5
856,15,5
857,7,1
857,15,4
857,1,5
858,19,4
859,13,2
859,3,4
859,4,5
860,19,1
861,10,1
861,15,4
861,7,1
861,19,5
862,5,2
862,1,5
862,2,4
862,9,3
863,4,5
863,13,2
863,12,5
863,7,5
864,17,3
864,11,3
864,6,5
865,13,4
865,1,3
865,11,3
865,17,2
866,2,1
866,3,3
866,19,5
867,10,4
867,7,4
867,9,5
867,13,3
868,15,5
868,11,1
868,10,2
869,18,2
870,18,4
871,18,2
871,9,1
871,12,5
872,5,4
872,18,1
872,13,2
872,7,4
873,9,1
873,2,4
873,11,3
874,3,5
874,6,2
874,14,3
874,13,3
875,6,2
876,12,3
877,18,2
877,4,2
877,17,1
877,1,1
878,8,5
878,15,2
878,3,2
879,13,3
879,8,3
880,3,5
880,10,5
881,5,3
881,13,2
881,4,3
882,10,4
882,1,5
883,9,5
884,11,4
884,14,4
884,3,3
884,5,5
885,2,1
885,17,5
885,12,1
886,12,2
886,9,4
886,11,3
886,10,5
887,7,2
887,11,3
887,9,3
887,12,3
888,19,4
889,12,4
890,6,2
891,20,1
891,17,2
891,4,5
892,20,5
893,2,2
893,15,5
893,1,4
894,16,5
894,14,2
894,9,3
894,10,4
895,14,2
895,19,3
895,7,1
896,6,3
897,16,4
898,5,5
898,3,5
898,12,2
898,17,4
899,10,2
899,15,2
899,12,3
899,11,5
900,1,5
900,3,5
900,8,3
900,5,2
901,20,3
901,1,3
901,18,1
902,12,2
902,15,3
902,13,3
902,11,4
903,16,1
904,7,2
905,12,5
905,20,3
905,13,5
906,14,5
906,1,3
906,17,2
907,7,1
908,2,5
909,19,3
909,2,4
909,1,5
909,20,2
910,15,2
910,13,4
910,3,1
910,19,2
911,8,4
911,18,4
912,19,4
912,7,2
913,4,5
913,5,3
914,14,2
914,20,5
915,20,2
915,10,4
916,6,4
916,2,1
916,7,2
917,19,5
918,2,4
918,7,1
918,14,3
918,5,5
919,3,3
919,13,4
919,2,5
920,6,1
920,18,1
920,2,3
921,8,3
922,16,3
922,8,3
923,5,3
923,15,1
923,3,4
924,8,1
924,19,5
925,4,2
925,5,1
925,12,2
926,15,2
926,19,4
926,9,4
927,12,2
927,4,5
927,16,5
927,10,2
928,20,1
928,19,1
928,12,3
929,15,3
929,16,4
930,8,1
930,12,4
930,15,2
930,2,1
931,17,5
931,6,2
931,3,1
931,8,3
932,9,3
933,5,4
934,11,4
934,15,5
934,2,5
935,10,1
935,4,2
935,9,3
936,11,1
936,3,3
936,19,2
937,4,3
938,13,2
938,9,2
938,15,3
938,6,2
939,7,3
939,3,4
939,18,4
940,11,3
940,17,5
941,10,2
941,7,1
941,14,2
942,11,3
942,1,2
942,3,2
942,5,5
943,5,4
943,6,4
944,16,5
944,8,3
945,6,4
945,7,2
945,13,1
946,1,4
946,9,2
946,5,3
947,3,2
948,19,1
949,16,2
949,15,2
949,6,2
949,14,3
950,15,3
950,12,2
950,18,3
950,6,1
951,14,1
951,11,5
952,1,4
953,16,5
954,11,2
955,8,1
955,2,5
956,7,1
956,13,5
957,3,3
958,13,4
958,16,4
959,20,3
959,6,3
960,5,3
961,13,5
962,9,2
962,11,1
962,12,3
962,6,3
963,19,5
963,5,2
963,13,3
964,15,2
964,1,3
964,7,4
965,5,4
965,11,2
965,9,1
965,18,5
966,8,2
966,1,4
966,13,4
967,9,1
967,12,2
968,11,4
968,14,4
968,13,3
969,20,4
969,14,5
970,9,1
970,3,3
970,4,4
971,9,5
971,20,4
972,7,3
973,5,4
974,17,2
974,15,4
974,9,5
974,1,3
975,20,2
975,15,5
975,11,2
975,3,3
976,13,2
977,2,5
978,4,1
978,5,4
978,6,1
979,2,3
979,11,1
980,9,4
980,1,5
981,20,2
981,6,1
981,16,3
982,7,4
983,17,4
983,3,2
983,16,5
983,12,3
984,12,5
984,16,2
985,20,3
985,15,3
985,16,1
985,11,1
986,1,5
986,11,2
986,17,5
987,17,3
987,8,4
988,18,5
988,7,3
988,15,3
989,5,4
990,5,4
990,9,5
990,4,4
991,10,4
991,13,2
992,20,2
992,16,3
993,19,1
993,4,1
993,10,2
993,17,4
994,11,5
995,13,2
995,5,4
995,4,2
995,1,2
996,2,1
997,11,4
997,20,3
997,7,5
998,4,3
998,9,2
998,11,4
998,5,5
999,12,3
999,7,1
999,1,2
1000,16,5
1000,13,2
1000,17,2
1000,4,4
1001,8,4
1001,2,4
1001,4,1
1001,16,3
1002,7,4
1002,12,5
1002,14,4
1003,11,3
1003,5,2
1003,7,5
1004,1,2
1004,10,4
1004,8,1
1004,14,3
1005,14,2
1005,10,5
1006,2,2
1006,16,3
1006,13,1
1007,16,1
1008,7,5
1008,14,2
1009,3,4
1009,1,1
1009,4,1
1009,14,3
1010,8,3
1010,20,2
1010,11,1
1011,16,1
1011,8,4
1012,2,3
1012,8,1
1013,6,2
1013,17,2
1013,2,5
1013,7,2
1014,7,5
1014,10,1
1015,5,5
1015,17,5
1015,10,5
1015,12,4
1016,15,4
1016,13,5
1016,16,4
1016,3,1
1017,16,2
1018,5,3
1019,11,3
1020,18,3
1020,1,5
1021,9,5
1022,16,2
1022,8,5
1022,10,5
1022,4,1
1023,10,1
1023,3,5
1023,5,1
1023,7,3
1024,5,2
1025,16,1
1025,10,3
1025,19,5
1026,13,5
1026,20,1
1026,7,3
1026,2,4
1027,1,5
1027,20,2
1027,3,1
1027,19,4
1028,6,4
1029,19,5
1029,15,2
1029,10,1
1030,16,2
1030,9,1
1030,5,2
1031,1,2
1031,20,2
1031,6,5
1032,20,1
1032,9,5
1033,19,1
1033,15,2
1033,8,3
1034,9,2
1035,1,2
1035,17,4
1035,4,2
1036,19,4
1036,13,4
1036,9,1
1036,1,3
1037,7,5
1037,3,5
1037,4,3
1037,16,4
1038,14,4
1038,4,5
1038,5,3
1039,2,5
1039,19,4
1039,16,2
1039,14,1
1040,12,5
1040,15,4
1040,3,1
1040,14,5
1041,11,4
1041,15,1
1041,20,1
1042,20,5
1043,8,5
1043,15,1
1044,1,2
1044,8,5
1045,15,4
1045,9,1
1045,12,1
1046,14,3
1046,2,5
1046,1,4
1047,1,1
1047,20,4
1048,15,2
1048,8,1
1048,6,1
1048,11,1
1049,12,5
1049,1,5
1050,5,4
1050,11,5
1051,17,2
1051,14,2
1051,20,1
1051,6,1
1052,4,4
1053,18,4
1054,5,3
1054,15,3
1054,7,1
1054,11,4
1055,5,1
1056,12,1
1056,18,1
1056,17,3
1056,3,4
1057,14,1
1057,15,1
1057,11,2
1058,9,4
1058,11,2
1058,6,1
1058,8,1
1059,19,2
1059,12,3
1059,5,5
1060,3,2
1060,10,4
1061,12,3
1061,3,5
1061,16,1
1061,17,5
1062,19,5
1062,13,4
1062,8,5
1063,5,4
1064,20,4
1064,10,3
1064,12,5
1065,17,5
1065,7,1
1065,2,5
1065,10,1
1066,13,4
1066,16,2
1066,1,1
1066,10,3
1067,19,2
1068,2,4
1068,6,3
1068,13,5
1068,10,5
1069,2,3
1070,17,5
1070,18,3
1070,12,4
1070,9,5
1071,9,1
1071,8,5
1072,1,4
1072,11,1
1073,14,5
1074,18,5
1074,5,4
1074,14,5
1074,10,5
1075,4,1
1075,8,1
1075,7,3
1076,19,1
1076,14,4
1076,4,2
1076,11,4
1077,8,1
1077,13,5
1078,18,4
1078,19,5
1078,1,4
1079,18,1
1079,14,5
1079,17,3
1079,13,1
1080,11,4
1080,2,3
1081,4,4
1081,3,4
1082,15,5
1083,4,2
1084,13,5
1084,6,3
1084,4,3
1085,1,3
1085,10,2
1085,17,4
1086,12,3
1087,19,5
1088,17,5
1088,18,3
1088,14,3
1088,8,4
1089,15,2
1089,3,4
1090,19,2
1090,10,2
1091,15,4
1091,12,5
1091,16,4
1092,20,2
1093,5,1
1093,1,2
1094,2,4
1094,5,4
1094,15,5
1095,3,5
1096,18,2
1096,17,1
1096,1,4
1096,10,2
1097,2,3
1097,19,2
1097,4,2
1097,7,4
1098,10,5
1098,18,3
1098,3,3
1099,12,2
1099,3,4
1099,4,5
1100,2,5
1100,18,1
1101,8,2
1102,11,1
1102,10,3
1102,2,2
1102,18,5
1103,20,2
1104,15,4
1104,20,1
1105,15,3
1106,14,1
1106,18,3
1106,7,3
1107,4,5
1107,9,3
1107,16,2
1107,13,3
1108,15,5
1109,15,2
1109,16,5
1110,11,3
1111,12,2
1111,15,1
1111,19,5
1111,13,2
1112,5,5
1112,2,3
1113,11,5
1113,4,4
1113,16,1
1113,19,5
1114,8,5
1114,3,2
1115,4,1
1116,16,1
1116,20,5
1116,12,4
1117,18,4
1117,19,2
1118,14,1
1118,3,5
1119,14,1
1119,1,1
1120,17,3
1120,10,3
1120,15,5
1121,13,4
1121,15,1
1121,1,2
1122,12,3
1122,5,4
1123,19,3
1124,8,3
1124,4,2
1124,10,1
1124,16,5
1125,5,4
1125,19,4
1125,12,1
1126,2,1
1126,19,2
1126,4,4
1126,11,5
1127,6,3
1127,13,4
1127,16,2
1128,14,4
1129,15,2
1129,2,5
1129,19,2
1129,20,2
1130,19,5
1130,8,3
1130,6,5
1131,11,3
1131,9,4
1131,7,4
1131,8,5
1132,15,4
1132,5,5
1132,1,2
1133,10,3
1133,14,5
1133,13,4
1134,7,1
1134,2,1
1135,18,1
1136,17,1
1136,7,2
1137,10,3
1137,7,3
1137,17,1
1137,15,1
1138,10,3
1138,20,4
1138,8,1
1138,2,3
1139,20,2
1139,16,5
1140,19,2
1140,20,5
1140,14,3
1141,11,1
1141,2,5
1141,7,2
1141,8,2
1142,15,1
1142,2,1
1142,18,4
1143,15,4
1143,6,4
1143,8,3
1143,3,1
1144,2,5
1145,6,2
1146,8,3
1146,14,2
1146,17,5
1147,5,2
1148,20,3
1148,8,4
1149,2,4
1149,19,4
1149,18,3
1150,12,2
1151,20,2
1151,18,1
1152,1,5
1152,16,3
1152,6,2
1153,11,1
1153,12,3
1153,13,4
1154,11,4
1154,2,3
1154,10,5
1154,19,2
1155,17,1
1155,1,2
1155,19,5
1156,20,4
1157,16,4
1157,18,4
1158,5,2
1158,18,2
1158,13,3
1158,4,2
1159,20,4
1159,7,1
1159,18,3
1160,16,1
1160,9,2
1160,13,1
1160,2,2
1161,5,1
1161,3,5
1161,7,2
1161,11,3
1162,13,2
1162,10,1
1163,6,4
1164,11,1
1165,1,5
1166,16,3
1166,4,1
1166,7,2
1167,5,5
1168,6,1
1168,17,5
1168,15,4
1168,11,4
1169,18,3
1170,18,5
1170,5,3
1171,14,1
1171,16,5
1171,19,5
1171,13,4
1172,6,1
1172,14,5
1172,8,2
1173,19,5
1173,12,4
1173,10,3
1174,9,2
1174,12,2
1174,17,4
1174,1,4
1175,13,5
1175,20,3
1176,4,4
1176,18,2
1176,16,1
1176,12,1
1177,4,1
1178,11,5
1178,16,4
1178,13,1
1179,8,1
1179,18,3
1179,14,3
1180,14,2
1181,1,5
1181,15,4
1181,16,3
1182,2,1
1182,20,5
1183,12,5
1183,2,5
1183,18,4
1184,13,3
1184,4,3
1185,15,1
1185,7,1
1186,5,1
1186,20,3
1187,6,5
1187,1,5
1187,9,3
1188,19,2
1189,20,5
1189,18,5
1189,17,2
1189,13,3
1190,20,3
1190,15,5
1190,1,3
1190,7,2
1191,7,4
1191,4,1
1191,6,1
1191,15,1
1192,16,5
1192,2,1
1193,2,2
1193,4,4
1193,19,4
1194,8,2
1194,7,5
1195,16,2
1195,10,5
1196,12,2
1196,19,1
1196,9,2
1197,19,3
1197,16,5
1197,7,4
1197,13,4
1198,20,2
1199,10,3
1199,16,5
1199,4,4
1199,1,5
1200,8,4
1200,16,1
1200,12,2
1200,20,5
1201,6,2
1201,18,5
1201,9,3
1201,1,3
1202,15,1
1202,10,2
1202,2,2
1202,5,3
1203,6,1
1203,15,5
1203,4,1
1204,18,3
1205,18,3
1205,6,2
1205,19,3
1205,13,1
1206,3,2
1206,15,3
1206,2,5
1207,2,1
1207,9,1
1207,11,3
1207,12,1
1208,11,3
1208,1,4
1209,9,4
1209,11,1
1209,8,1
1210,8,1
1210,9,1
1210,5,2
1210,11,4
1211,4,5
1211,10,5
1211,19,1
1211,14,5
1212,3,5
1212,14,4
1212,7,2
1213,7,3
1213,17,1
1213,5,4
1214,3,3
1214,1,4
1214,7,1
1215,9,2
1216,2,1
1216,7,1
1216,19,2
1216,8,5
1217,20,5
1217,4,1
1217,17,5
1217,11,5
1218,15,3
1218,1,5
1219,6,2
1220,9,4
1220,4,2
1220,6,4
1221,17,1
1221,16,1
1221,13,1
1222,3,4
1222,19,2
1223,9,5
1223,2,3
1223,12,4
1224,3,1
1225,18,2
1225,9,4
1226,15,2
1226,8,2
1226,5,3
1226,3,2
1227,19,2
1228,18,3
1229,13,4
1229,17,4
1229,15,1
1229,2,2
1230,8,3
1230,6,1
1231,9,2
1231,17,2
1232,6,5
1233,1,2
1233,14,2
1233,12,4
1233,11,4
1234,1,3
1234,17,5
1234,5,4
1235,6,4
1236,6,1
1236,5,4
1236,1,1
1237,14,4
1238,11,3
1238,13,4
1238,19,5
1238,18,5
1239,4,2
1240,18,2
1240,19,3
1240,10,4
1240,17,5
1241,16,3
1241,2,5
1241,13,4
1242,18,1
1242,7,5
1243,9,1
1243,16,5
1243,6,2
1244,9,4
1244,12,4
1245,1,4
1245,18,5
1246,14,4
1246,16,2
1247,15,2
1248,9,1
1248,12,4
1248,1,5
1249,4,5
1249,1,5
1249,18,4
1250,17,1
1250,10,4
1251,6,4
1252,20,2
1252,12,4
1253,7,3
1253,13,2
1253,18,2
1254,10,3
1254,12,2
1254,2,4
1254,9,2
1255,5,4
1255,2,1
1255,18,3
1256,4,2
1256,15,1
1256,5,3
1256,6,5
1257,15,2
1258,16,4
1258,9,3
1259,4,1
1259,11,4
1259,15,3
1260,14,1
1260,19,3
1260,16,5
1261,18,1
1262,7,3
1262,1,5
1263,13,3
1263,15,1
1263,20,1
1263,2,4
1264,11,1
1265,18,5
1266,10,3
1266,17,3
1266,9,4
1267,7,3
1267,1,2
1267,17,4
1267,6,4
1268,3,3
1268,14,1
1268,12,3
1268,16,2
1269,13,5
1269,6,1
1270,8,3
1270,5,4
1270,14,1
1270,18,5
1271,11,1
1271,10,2
1272,11,3
1272,19,2
1273,17,3
1274,13,3
1274,10,4
1275,3,3
1276,4,4
1277,20,3
1277,4,2
1277,15,1
1277,14,3
1278,2,1
1278,20,4
1278,19,2
1279,20,1
1279,5,4
1279,15,2
1280,15,1
1280,12,3
1281,16,1
1281,13,2
1281,3,3
1281,7,5
1282,18,4
1283,13,2
1283,19,4
1283,9,3
1284,12,3
1284,10,1
1285,4,4
1286,16,3
1286,17,5
1287,20,5
1287,12,5
1287,15,4
1288,5,3
1288,20,1
1288,10,3
1289,11,1
1289,15,5
1289,12,4
1290,6,4
1290,16,2
1291,14,3
1292,15,2
1292,19,2
1292,7,3
1293,11,5
1293,12,1
1293,20,1
1293,17,1
1294,4,2
1295,2,3
1295,15,5
1295,13,3
1296,8,5
1297,18,1
1297,7,3
1297,12,1
1297,6,3
1298,2,5
1298,1,3
1298,3,3
1299,17,1
1299,10,1
1299,5,1
1300,17,3
1300,2,1
1300,1,3
1300,3,4
1301,16,2
1301,11,2
1302,2,3
1302,5,5
1302,12,4
1303,3,4
1303,4,3
1304,10,5
1304,4,5
1304,12,5
1305,16,4
1305,3,3
1305,9,1
1306,19,1
1306,15,5
1306,20,1
1307,17,1
1307,3,2
1307,7,3
1308,2,4
1309,18,5
1309,8,5
1310,10,5
1310,5,3
1311,3,1
1312,13,2
1312,2,1
1312,19,4
1312,14,4
1313,3,1
1313,18,4
1313,9,5
1313,15,5
1314,15,2
1314,2,2
1314,14,5
1314,20,1
1315,13,5
1316,17,5
1316,18,1
1316,8,1
1317,14,5
1317,20,4
1317,6,2
1318,10,4
1318,5,1
1318,2,4
1319,2,4
1319,14,3
1319,7,1
1319,9,5
1320,18,1
1320,5,5
1320,14,5
1321,10,3
1321,8,5
1321,17,5
1321,1,3
1322,6,5
1322,8,1
1323,10,4
1323,20,2
1324,14,3
1324,11,4
1324,20,2
1324,15,3
1325,15,2
1325,2,3
1325,4,5
1325,20,3
1326,11,5
1326,10,1
1327,3,4
1327,6,5
1327,18,3
1328,19,2
1329,6,2
1329,15,2
1329,12,5
1329,14,2
1330,10,1
1330,7,2
1330,3,4
1331,13,3
1331,11,5
1331,16,4
1331,19,4
1332,8,5
1333,20,1
1333,11,5
1333,7,5
1333,9,2
1334,17,3
1335,14,2
1335,19,1
1336,12,1
1336,7,5
1336,8,5
1336,6,3
1337,7,1
1338,16,5
1339,15,1
1340,14,3
1340,15,4
1341,17,2
1341,2,2
1342,10,4
1343,18,3
1343,19,1
1343,9,1
1344,3,3
1344,16,4
1345,1,4
1345,7,2
1345,17,2
1345,16,4
1346,4,2
1347,6,2
1347,20,3
1347,7,5
1348,3,1
1348,12,5
1349,18,4
1349,5,3
1350,10,2
1351,1,1
1351,19,5
1352,4,3
1352,2,3
1352,19,1
1353,7,4
1354,14,5
1355,18,3
1355,13,2
1356,11,4
1356,13,5
1357,11,2
1357,20,1
1358,2,5
1358,6,1
1358,1,2
1359,9,1
1360,18,3
1360,5,5
1360,2,1
1360,15,2
1361,1,2
1361,4,5
1362,4,3
1362,6,4
1362,14,3
1362,12,1
1363,16,4
1363,13,1
1363,8,2
1363,19,5
1364,20,4
1364,13,4
1364,2,2
1365,1,4
1365,20,1
1365,11,1
1366,4,2
1367,4,5
1367,14,4
1367,3,5
1367,13,5
1368,11,1
1368,18,5
1368,17,2
1369,16,1
1369,20,1
1369,8,1
1369,13,4
1370,2,2
1370,17,4
1370,9,5
1371,20,2
1372,1,4
1373,17,3
1373,7,4
1373,9,2
1373,12,3
1374,14,4
1374,10,3
1375,16,2
1375,19,4
1375,13,2
1375,14,5
1376,20,3
1376,16,5
1377,16,3
1377,20,4
1378,8,2
1378,18,4
1378,10,2
1379,6,3
1379,20,1
1379,2,2
1379,8,5
1380,1,3
1380,15,4
1380,14,5
1380,8,2
1381,13,4
1381,5,3
1381,2,2
1382,4,1
1382,6,5
1382,2,2
1383,18,5
1383,19,4
1384,17,1
1385,16,4
1385,1,1
1385,8,2
1386,14,2
1386,18,3
1386,13,5
1386,17,4
1387,18,4
1387,10,2
1388,10,3
1388,14,4
1389,1,5
1389,14,1
1390,13,4
1390,1,1
1390,20,2
1390,4,4
1391,5,1
1392,6,2
1392,2,5
1392,12,5
1393,15,4
1393,9,2
1394,11,1
1394,6,3
1394,1,4
1395,19,3
1395,6,5
1396,18,4
1396,9,3
1397,5,5
1397,17,2
1397,14,4
1398,19,2
1398,5,4
1398,15,5
1398,17,3
1399,16,5
1399,8,2
1399,19,1
1399,4,5
1400,13,1
1401,5,2
1401,9,4
1401,15,2
1402,8,3
1402,19,3
1402,9,2
1402,18,4
1403,14,1
1403,3,1
1403,19,5
1404,12,2
1405,7,3
1405,5,5
1406,19,5
1407,7,1
1407,14,1
1407,6,3
1407,3,1
1408,15,3
1408,5,5
1409,20,3
1409,5,1
1410,14,3
1411,2,1
1411,8,1
1412,10,3
1413,17,2
1413,1,4
1413,6,4
1414,15,2
1414,6,2
1414,5,5
1415,11,5
1415,17,5
1416,11,1
1416,6,3
1416,19,4
1416,10,4
1417,14,2
1417,17,2
1417,12,1
1417,19,1
1418,13,1
1418,3,2
1418,11,5
1419,7,2
1419,17,1
1419,1,2
1420,11,2
1420,19,2
1420,10,1
1421,10,2
1421,5,1
1421,4,1
1422,3,4
1422,10,3
1422,13,5
1423,8,1
1423,13,5
1423,16,2
1424,3,2
1424,19,3
1425,16,5
1426,2,1
1426,20,2
1426,7,3
1427,2,5
1428,6,3
1428,10,3
1428,17,2
1428,2,4
1429,19,3
1429,3,5
1430,7,5
1431,3,4
1431,20,3
1432,11,1
1432,18,3
1433,11,3
1433,10,1
1434,14,3
1435,20,2
1435,14,1
1436,13,4
1437,20,5
1437,3,4
1438,2,1
1438,11,1
1438,15,2
1438,6,4
1439,7,2
1439,11,4
1439,5,5
1440,20,1
1440,15,1
1441,5,5
1441,19,4
1442,9,3
1442,1,2
1442,13,1
1442,7,1
1443,7,5
1443,9,4
1444,3,4
1444,20,4
1445,13,4
1445,18,3
1445,7,1
1445,9,1
1446,1,4
1447,9,5
1447,8,5
1448,17,2
1448,10,5
1449,15,4
1449,19,1
1449,9,2
1449,11,3
1450,18,1
1451,1,3
1451,20,3
1451,3,4
1452,10,5
1452,9,1
1452,6,2
1453,13,1
1453,16,4
1453,18,3
1454,7,2
1454,19,2
1455,1,1
1456,10,3
1456,4,4
1457,18,1
1457,11,3
1457,16,1
1458,13,1
1458,9,3
1458,19,1
1459,11,5
1459,5,1
1459,15,1
1459,18,1
1460,14,2
1460,4,3
1460,16,5
1460,5,3
1461,12,4
1461,20,2
1462,1,3
1462,16,1
1462,6,4
1462,3,2
1463,18,4
1463,6,3
1463,20,4
1463,2,1
1464,5,3
1465,16,5
1465,11,4
1465,19,1
1465,18,2
1466,13,4
1466,7,3
1466,4,2
1467,1,4
1467,5,3
1467,2,1
1468,3,3
1468,17,4
1468,11,4
1468,5,2
1469,16,3
1470,12,3
1471,16,2
1471,13,2
1472,12,3
1472,14,5
1473,17,3
1474,20,1
1474,17,1
1475,19,4
1476,12,5
1476,8,1
1476,16,5
1476,18,3
1477,19,5
1478,2,1
1478,6,1
1478,18,2
1478,12,3
1479,11,5
1480,6,4
1481,12,5
1481,13,2
1481,2,3
1481,20,4
1482,6,3
1482,3,5
1482,13,2
1483,6,1
1483,17,3
1483,9,4
1484,5,1
1485,2,4
1485,20,4
1485,5,1
1485,12,5
1486,13,3
1486,15,2
1486,6,1
1487,12,3
1487,18,4
1488,13,4
1488,3,5
1489,13,5
1489,17,2
1489,15,4
1489,5,5
1490,9,5
1490,20,1
1490,18,3
1490,10,1
1491,1,4
1491,5,1
1491,7,3
1491,19,4
1492,7,4
1492,4,1
1493,18,2
1493,13,4
1493,7,5
1494,7,2
1494,4,2
1495,14,1
1495,13,3
1495,11,1
1496,16,2
1496,9,3
1497,15,2
1497,5,5
1497,8,3
1498,17,3
1498,2,5
1499,2,1
1499,10,4
1499,12,4
1500,14,5
1501,6,4
1501,9,1
1501,17,1
1501,16,3
1502,15,3
1502,14,5
1503,7,1
1503,1,2
1504,4,5
1504,5,2
1504,12,2
1504,13,1
1505,3,1
1506,16,5
1507,1,3
1508,6,4
1508,3,1
1509,10,2
1509,8,1
1509,15,1
1510,12,3
1510,8,4
1511,15,5
1511,20,2
1511,8,3
1512,10,4
1512,15,4
1513,16,2
1514,4,3
1514,10,3
1514,20,4
1514,17,2
1515,10,2
1515,12,1
1516,14,5
1516,12,4
1516,13,3
1517,10,2
1518,8,2
1518,9,2
1518,18,2
1519,17,4
1520,17,5
1520,7,3
1520,15,1
1520,18,3
1521,7,4
1521,4,5
1521,8,1
1522,7,3
1523,9,3
1524,6,3
1524,3,1
1524,15,4
1525,6,3
1525,8,1
1525,5,1
1525,19,3
1526,15,4
1527,4,1
1527,6,4
1528,12,1
1528,18,4
1528,3,1
1529,9,2
1530,3,1
1530,15,5
1530,10,1
1530,17,1
1531,4,3
1532,6,5
1533,2,3
1533,11,1
1533,7,3
1533,19,3
1534,1,5
1534,10,3
1534,4,5
1534,9,1
1535,8,3
1535,19,2
1536,12,1
1536,8,4
1537,17,2
1538,15,4
1538,10,1
1539,18,3
1539,15,5
1540,2,5
1541,11,3
1541,2,1
1542,11,1
1542,3,2
1543,7,5
1543,15,4
1544,11,1
1544,9,5
1545,14,2
1545,13,1
1546,15,2
1546,14,3
1546,8,1
1547,19,3
1548,15,3
1548,9,4
1548,5,2
1548,3,3
1549,9,1
1549,3,4
1549,15,1
1549,18,4
1550,18,2
1550,5,3
1550,8,2
1551,8,2
1552,19,1
1552,4,5
1552,1,3
1552,6,2
1553,2,3
1553,10,4
1553,6,2
1553,13,1
1554,14,1
1554,16,4
1554,8,1
1555,3,2
1555,17,3
1555,18,3
1555,12,4
1556,14,2
1556,7,2
1556,20,1
1556,19,5
1557,13,2
1557,1,2
1558,18,2
1558,2,4
1559,19,4
1559,1,1
1559,4,2
1560,4,1
1560,19,4
1560,10,1
1561,11,5
1562,9,4
1563,20,3
1563,3,4
1564,19,4
1564,11,4
1564,3,4
1565,18,2
1565,16,1
1566,9,5
1566,10,5
1566,4,3
1566,15,2
1567,5,5
1567,10,1
1568,6,1
1568,2,2
1569,9,5
1570,20,2
1570,15,5
1570,12,4
1571,13,5
1571,10,1
1572,8,4
1572,12,4
1572,5,4
1573,15,1
1573,10,3
1573,3,3
1574,4,4
1574,5,4
1575,7,3
1576,13,1
1576,18,2
1577,20,2
1578,18,1
1578,8,3
1578,1,1
1579,3,3
1579,7,5
1579,17,4
1579,12,2
1580,13,1
1581,2,5
1581,16,1
1581,10,5
1582,19,1
1583,18,1
1584,15,4
1584,17,4
1585,11,1
1586,5,4
1586,11,4
1586,20,4
1586,1,5
1587,16,5
1587,20,5
1587,18,3
1587,1,4
1588,20,5
1589,6,2
1590,2,4
1591,4,1
1591,18,1
1591,14,4
1591,15,2
1592,18,5
1593,10,4
1593,8,4
1593,4,1
1593,16,2
1594,5,3
1594,6,4
1594,13,4
1595,15,4
1595,2,1
1595,14,4
1595,17,1
1596,12,5
1596,4,2
1597,16,5
1597,4,2
1597,5,5
1597,12,2
1598,15,2
1598,20,5
1599,20,4
1600,12,1
1600,2,4
1601,17,5
1602,14,2
1603,6,3
1603,12,1
1604,1,1
1604,12,1
1604,14,3
1604,4,5
1605,14,1
1605,12,4
1605,1,1
1606,20,4
1607,6,2
1607,8,3
1607,7,2
1608,14,5
1608,12,1
1609,12,1
1610,3,5
1610,7,2
1610,15,4
1611,17,4
1611,13,1
1612,15,2
1612,18,4
1612,5,2
1613,20,4
1614,6,3
1614,2,5
1615,6,3
1615,11,4
1616,4,3
1616,19,1
1616,3,3
1616,6,3
1617,4,3
1617,14,2
1618,7,3
1618,19,2
1618,6,3
1619,9,4
1619,10,2
1619,2,2
1620,16,4
1620,13,2
1620,4,5
1621,19,2
1621,20,3
1621,7,4
1622,2,5
1622,12,2
1623,15,3
1623,17,2
1623,20,2
1624,17,4
1624,10,5
1624,14,5
1625,4,1
1625,18,5
1625,2,2
1625,6,1
1626,3,4
1626,14,4
1627,6,5
1627,5,5
1627,14,1
1627,11,1
1628,11,5
1628,20,2
1629,20,5
1630,13,3
1630,4,3
1630,18,2
1631,19,4
1631,4,5
1632,6,2
1632,4,3
1633,20,4
1633,17,5
1634,13,4
1634,10,1
1635,1,3
1635,17,5
1635,5,5
1635,6,1
1636,4,5
1636,19,1
1636,17,2
1637,1,2
1638,19,2
1639,3,2
1639,12,1
1640,16,1
1640,12,3
1640,13,2
1641,9,1
1641,2,4
1641,1,2
1642,1,4
1642,9,1
1643,7,3
1644,4,2
1644,8,4
1645,17,1
1646,6,1
1646,16,2
1647,20,4
1647,2,5
1648,16,1
1648,2,5
1649,18,3
1649,9,2
1649,20,4
1650,6,1
1650,10,5
1650,19,2
1650,15,5
1651,14,3
1652,20,1
1652,1,2
1653,2,2
1653,7,2
1654,2,5
1654,7,4
1654,18,5
1655,20,1
1655,17,1
1656,1,4
1657,10,2
1657,18,3
1657,5,5
1657,8,1
1658,16,2
1658,14,5
1658,15,2
1658,4,4
1659,8,2
1660,13,1
1660,12,1
1661,4,2
1661,6,5
1661,17,2
1661,14,3
1662,6,1
1662,14,1
1663,14,4
1663,1,1
1664,4,1
1664,18,1
1664,19,3
1664,1,1
1665,5,2
1665,19,2
1666,19,5
1666,15,5
1666,3,2
1666,5,1
1667,20,4
1667,11,5
1668,15,3
1668,11,4
1668,10,2
1668,18,5
1669,18,4
1669,10,2
1670,11,3
1670,17,2
1670,6,5
1671,1,1
1671,2,5
1672,2,5
1672,14,2
1673,3,4
1673,17,1
1673,1,5
1674,11,3
1675,19,3
1675,16,3
1675,20,1
1676,15,3
1677,19,5
1677,11,5
1677,4,1
1678,8,1
1679,9,5
1679,14,1
1679,7,3
1679,4,5
1680,17,1
1680,13,5
1680,10,1
1680,12,4
1681,14,4
1682,10,3
1682,9,4
1682,2,5
1682,4,4
1683,19,5
1683,17,4
1683,18,5
1684,18,4
1684,14,4
1685,2,2
1685,3,2
1685,14,4
1686,4,5
1687,3,3
1687,6,1
1688,16,5
1688,7,4
1689,12,3
1690,7,5
1690,12,5
1690,9,5
1690,4,4
1691,16,5
1692,10,3
1692,3,3
1692,14,4
1692,19,3
1693,20,5
1693,12,3
1693,10,4
1693,2,3
1694,2,3
1694,17,2
1695,2,4
1695,15,1
1696,7,1
1696,4,1
1697,17,5
1697,15,2
1697,3,1
1698,2,2
1698,16,2
1698,17,2
1699,14,4
1699,17,5
1699,9,2
1700,8,4
1701,16,5
1701,20,2
1701,8,2
1701,10,5
1702,4,3
1702,12,4
1703,2,1
1703,16,5
1703,14,2
1704,15,4
1704,10,5
1704,3,3
1705,20,3
1705,18,4
1706,5,1
1706,20,5
1706,16,4
1706,7,3
1707,10,4
1707,5,3
1707,16,5
1708,14,5
1708,20,2
1708,16,5
1709,15,1
1709,3,5
1709,20,2
1709,8,4
1710,19,3
1710,10,5
1710,3,4
1710,20,3
1711,11,1
1711,15,3
1711,10,4
1711,14,1
1712,16,5
1712,2,1
1712,9,4
1713,19,4
1714,5,1
1714,17,4
1714,1,5
1714,18,3
1715,20,1
1715,4,5
1715,10,5
1715,18,2
1716,11,1
1716,3,4
1716,8,2
1716,7,3
1717,7,4
1717,2,2
1717,15,5
1717,9,4
1718,12,4
1719,13,4
1719,19,5
1719,1,2
1719,17,4
1720,8,1
1721,9,4
1721,20,4
1722,2,5
1722,9,3
1722,3,1
1722,8,5
1723,20,2
1723,7,5
1723,19,5
1724,19,2
1725,20,1
1725,8,5
1725,6,3
1726,19,3
1726,5,3
1726,17,4
1726,1,4
1727,15,1
1727,19,1
1728,17,3
1728,19,1
1729,7,3
1730,6,1
1730,5,1
1731,19,1
1731,1,3
1732,20,3
1732,18,4
1732,12,5
1733,10,3
1733,12,3
1734,4,4
1734,17,4
1735,20,4
1735,10,3
1735,11,4
1735,12,5
1736,19,1
1736,18,3
1737,1,2
1737,8,3
1738,15,2
1738,12,4
1738,20,2
1739,18,1
1739,17,4
1740,18,3
1740,13,2
1740,1,1
1740,12,1
1741,6,3
1741,3,5
1742,12,5
1743,2,1
1743,10,3
1743,20,5
1743,7,2
1744,17,3
1745,2,4
1745,4,2
1746,17,3
1747,18,2
1747,13,2
1748,17,5
1748,11,1
1748,10,2
1749,16,2
1749,9,2
1750,6,1
1750,12,1
1750,11,2
1751,19,5
1752,7,2
1752,4,1
1753,13,4
1753,1,5
1754,15,5
1754,13,5
1754,12,2
1755,4,3
1756,13,4
1756,12,4
1757,20,3
1757,14,3
1757,18,5
1757,3,2
1758,17,3
1758,18,4
1759,1,4
1759,11,1
1759,2,3
1760,5,3
1760,17,3
1760,13,1
1760,7,1
1761,9,1
1762,8,3
1762,6,2
1763,5,1
1763,10,3
1763,17,2
1763,7,5
1764,14,5
1764,9,4
1765,16,1
1765,3,2
1766,10,4
1767,18,3
1767,19,2
1767,9,5
1768,18,1
1768,9,1
1769,12,4
1769,14,4
1769,3,5
1769,10,5
1770,7,3
1770,17,4
1770,3,2
1771,12,1
1772,11,3
1773,10,4
1773,13,3
1773,6,5
1773,15,5
1774,13,3
1775,20,1
1775,8,3
1775,4,1
1775,13,3
1776,3,4
1777,3,2
1778,12,4
1779,5,4
1779,19,5
1779,7,2
1779,1,5
1780,9,3
1781,3,1
1782,20,5
1782,19,5
1782,10,5
1782,17,1
1783,10,1
1783,7,3
1783,19,1
1783,4,4
1784,8,3
1785,20,1
1785,8,5
1785,10,5
1785,14,1
1786,19,5
1786,8,4
1786,15,3
1786,1,4
1787,1,4
1788,8,5
1789,9,4
1790,8,4
1790,15,1
1790,19,1
1790,6,1
1791,8,1
1791,17,4
1791,13,4
1791,3,3
1792,12,4
1793,7,2
1793,16,1
1793,11,1
1794,17,3
1794,15,1
1795,5,2
1796,11,3
1796,13,2
1796,12,1
1796,16,2
1797,12,2
1798,18,3
1798,9,2
1798,5,4
1798,13,1
1799,12,5
1799,4,5
1800,5,3
1801,13,3
1801,11,4
1801,16,1
1801,9,1
1802,10,5
1802,2,2
1802,11,2
1802,5,4
1803,2,1
1803,13,3
1803,10,4
1803,9,1
1804,7,3
1804,1,2
1804,17,1
1805,4,3
1806,19,3
1806,2,1
1807,9,1
1807,17,4
1807,15,2
1808,7,3
1808,16,4
1808,11,4
1809,14,2
1810,1,5
1810,5,2
1810,7,5
1811,12,3
1811,14,1
1811,7,4
1811,10,5
1812,2,1
1812,9,3
1812,1,2
1813,7,1
1813,3,5
1813,15,1
1814,6,5
1814,11,3
1814,9,4
1814,18,4
1815,5,3
1816,20,5
1817,19,1
1818,12,1
1819,14,2
1819,19,4
1819,2,1
1820,11,4
1821,14,5
1821,20,2
1821,5,5
1821,9,2
1822,1,1
1822,13,2
1822,17,2
1823,7,3
1823,10,3
1823,17,3
1824,12,2
1824,9,1
1824,6,3
1824,14,1
1825,15,5
1825,10,5
1825,7,3
1826,15,1
1826,9,3
1827,7,3
1828,19,4
1828,14,4
1828,20,3
1828,10,5
1829,7,3
1830,8,1
1830,1,1
1830,15,1
1831,2,1
1831,4,4
1831,8,2
1831,14,2
1832,6,4
1832,3,4
1832,18,4
1832,11,1
1833,20,3
1833,4,2
1834,17,2
1834,20,1
1834,13,2
1835,7,3
1835,12,4
1835,6,4
1836,11,2
1836,3,4
1836,12,2
1836,10,1
1837,7,1
1837,20,4
1838,18,4
1838,12,1
1839,14,4
1839,3,5
1839,12,1
1840,2,4
1841,18,2
1842,9,5
1842,11,1
1842,13,1
1842,8,5
1843,11,2
1843,15,3
1844,9,2
1844,11,4
1845,16,3
1845,2,5
1846,9,1
1846,3,4
1846,5,1
1846,2,1
1847,2,5
1847,9,1
1847,16,2
1848,20,2
1848,9,4
1848,12,4
1848,5,4
1849,2,4
1849,1,2
1850,5,3
1850,14,2
1850,2,3
1850,15,2
1851,11,2
1851,4,4
1851,9,3
1852,10,1
1853,15,5
1854,2,4
1855,16,5
1855,18,5
1855,6,2
1855,8,3
1856,17,2
1857,14,2
1858,10,3
1858,14,5
1858,4,2
1859,12,4
1859,13,1
1860,3,1
1860,18,4
1861,15,2
1861,18,2
1861,12,2
1861,7,5
1862,13,3
1863,18,5
1863,13,4
1864,16,1
1864,2,4
1864,13,3
1864,19,1
1865,16,3
1865,1,1
1866,8,2
1866,7,4
1866,10,2
1867,15,5
1868,4,4
1869,8,5
1869,4,1
1870,20,2
1871,20,1
1872,20,3
1872,15,1
1872,1,1
1872,18,1
1873,14,5
1873,12,3
1873,18,4
1873,10,1
1874,12,5
1874,4,4
1874,11,5
1874,2,4
1875,18,5
1876,18,3
1876,19,4
1876,13,1
1876,7,4
1877,15,1
1878,1,1
1879,9,3
1879,3,5
1880,18,2
1880,14,5
1880,5,5
1880,3,1
1881,10,1
1881,5,3
1881,1,1
1882,13,3
1883,12,4
1883,10,2
1883,4,4
1884,4,3
1884,20,5
1884,14,5
1885,8,3
1885,18,2
1886,10,1
1887,3,4
1888,4,4
1888,1,3
1889,20,3
1889,9,2
1889,19,5
1890,1,2
1890,13,2
1890,2,5
1891,7,3
1891,4,1
1891,5,2
1892,10,3
1892,5,4
1892,12,4
1892,3,3
1893,10,2
1893,17,4
1893,15,3
1894,4,4
1894,10,3
1895,5,3
1895,15,2
1896,10,3
1896,5,3
1897,17,1
1897,12,4
1898,10,2
1898,16,2
1898,15,4
1898,12,3
1899,8,4
1900,7,3
1900,11,3
1900,19,1
1901,15,5
1902,10,2
1902,19,4
1903,2,4
1903,3,2
1904,13,3
1905,9,5
1905,14,5
1906,14,1
1906,13,2
1906,8,3
1907,1,2
1908,13,5
1909,9,5
1909,15,5
1909,16,2
1909,2,4
1910,13,5
1910,3,1
1911,7,4
1911,1,5
1911,6,1
1912,3,5
1912,18,4
1912,20,5
1913,1,2
1914,9,3
1914,15,5
1915,4,5
1915,17,3
1916,18,5
1917,12,5
1918,9,1
1918,4,1
1918,16,3
1919,18,4
1919,20,3
1919,19,1
1919,2,1
1920,7,4
1920,15,3
1921,19,1
1922,5,4
1923,17,4
1923,8,3
1924,20,5
1924,15,1
1924,3,3
1924,10,4
1925,20,5
1925,4,2
1925,18,4
1925,17,5
1926,7,2
1926,18,3
1927,20,2
1928,16,2
1928,9,3
1928,2,4
1928,7,3
1929,15,4
1929,12,3
1930,4,2
1930,14,2
1930,8,3
1931,17,1
1932,12,5
1932,19,5
1932,15,1
1933,6,1
1933,20,5
1934,3,4
1934,20,3
1935,13,3
1935,2,4
1936,12,4
1936,20,4
1936,16,3
1937,8,3
1937,10,1
1937,20,4
1938,2,5
1938,20,2
1939,3,1
1939,13,2
1940,20,2
1940,17,1
1940,7,3
1941,1,1
1941,13,1
1942,7,4
1942,6,1
1942,3,1
1942,8,3
1943,10,4
1943,7,2
1943,4,4
1944,5,4
1944,15,5
1944,17,2
1944,10,4
1945,9,1
1945,16,4
1945,8,5
1945,7,5
1946,4,4
1946,3,2
1946,10,3
1947,17,1
1947,4,1
1948,2,5
1948,4,3
1948,19,4
1949,6,3
1950,13,5
1950,18,4
1950,9,4
1951,20,5
1952,13,2
1953,7,3
1953,14,3
1953,8,2
1953,18,5
1954,9,4
1954,1,3
1954,16,4
1954,11,5
1955,6,4
1955,2,3
1955,9,3
1955,19,1
1956,9,1
1956,4,4
1956,8,2
1956,19,4
1957,11,3
1958,7,1
1958,10,3
1958,2,2
1959,8,3
1960,13,2
1960,15,3
1960,7,2
1960,19,3
1961,13,4
1961,10,3
1961,20,1
1962,7,2
1963,16,3
1963,6,2
1964,7,4
1964,10,1
1964,2,2
1965,3,3
1965,11,4
1965,2,3
1965,6,5
1966,11,2
1966,20,2
1967,5,2
1967,13,4
1967,8,4
1967,12,3
1968,3,4
1968,1,2
1969,3,4
1970,8,2
1970,9,4
1970,17,4
1971,9,4
1971,13,1
1971,16,4
1972,16,4
1972,1,1
1973,13,2
1973,15,3
1973,7,4
1973,16,4
1974,3,4
1974,6,4
1974,1,4
1974,7,2
1975,1,1
1976,20,1
1976,8,1
1977,19,2
1977,10,5
1977,8,2
1978,3,1
1979,3,1
1979,11,1
1980,5,1
1981,11,1
1981,12,5
1982,12,4
1982,20,4
1983,11,2
1983,1,4
1983,6,3
1984,11,5
1985,16,5
1985,8,4
1985,14,3
1986,13,5
1987,11,5
1987,20,2
1988,19,3
1988,10,4
1989,10,5
1989,9,4
1989,20,4
1989,3,3
1990,7,2
1990,8,3
1990,3,4
1990,16,1
1991,20,5
1991,15,3
1991,1,5
1991,10,3
1992,1,1
1992,9,1
1992,7,3
1992,11,1
1993,10,1
1993,3,1
1993,16,3
1994,20,3
1994,8,3
1994,16,5
1994,14,3
1995,17,3
1995,7,5
1996,20,1
1996,3,5
1996,16,2
1996,5,1
1997,9,1
1997,6,3
1997,12,2
1997,7,2
1998,16,3
1999,13,4
2000,11,1
