order_id,customer_id,order_date,amount,discount,status
1,406,2024-07-14,55966,15,Returned
2,75,2024-11-25,59260,0,Cancelled
3,34,2024-08-08,4488,10,Completed
4,497,2024-07-21,95279,15,Returned
5,256,2024-08-24,39274,10,Cancelled
6,198,2024-09-14,15145,15,Cancelled
7,394,2024-12-18,84088,0,Completed
8,210,2024-03-27,5070,15,Completed
9,121,2024-03-23,74451,0,Completed
10,23,2024-05-15,82090,0,Returned
11,471,2024-01-06,46845,0,Completed
12,473,2024-02-15,82554,5,Cancelled
13,190,2024-01-03,5658,15,Returned
14,435,2024-08-25,92367,5,Returned
15,338,2024-11-15,83905,10,Returned
16,289,2024-01-28,11428,5,Returned
17,88,2024-07-05,50181,15,Cancelled
18,158,2024-07-27,20170,15,Completed
19,414,2024-06-20,41814,15,Cancelled
20,127,2024-01-13,85052,10,Cancelled
21,196,2024-08-02,15390,15,Returned
22,35,2024-06-12,71024,0,Cancelled
23,408,2024-04-10,17561,15,Returned
24,139,2024-10-21,66372,10,Cancelled
25,183,2024-12-21,68217,0,Cancelled
26,296,2024-12-16,34550,10,Cancelled
27,208,2024-10-07,37822,15,Cancelled
28,2,2024-10-02,27934,10,Cancelled
29,21,2024-11-04,97468,0,Returned
30,219,2024-08-02,1282,15,Completed
31,221,2024-07-11,75078,0,Cancelled
32,178,2024-04-09,15120,5,Completed
33,399,2024-12-30,51666,15,Cancelled
34,86,2024-02-04,64051,15,Completed
35,92,2024-05-15,68472,15,Cancelled
36,226,2024-04-11,14318,5,Completed
37,411,2024-08-07,4187,0,Returned
38,31,2024-02-29,2220,10,Returned
39,340,2024-10-09,62260,0,Cancelled
40,85,2024-11-29,3102,15,Returned
41,429,2024-02-20,30483,15,Completed
42,365,2024-08-19,1955,0,Cancelled
43,416,2024-06-19,60567,0,Returned
44,121,2024-10-05,90826,10,Completed
45,202,2024-02-06,47028,5,Completed
46,5,2024-07-03,31996,10,Completed
47,239,2024-01-25,81962,0,Completed
48,219,2024-03-26,67148,15,Completed
49,63,2024-11-14,16560,5,Returned
50,430,2024-06-02,44314,10,Cancelled
51,426,2024-05-19,35680,15,Completed
52,471,2024-03-19,63075,5,Completed
53,313,2024-01-11,23209,15,Completed
54,333,2024-10-25,51332,0,Completed
55,179,2024-02-25,57470,15,Cancelled
56,257,2024-09-11,83666,0,Completed
57,282,2024-12-23,87564,0,Returned
58,224,2024-06-20,47801,0,Returned
59,368,2024-07-24,46686,10,Cancelled
60,395,2024-09-25,66605,15,Completed
61,256,2024-01-21,73024,10,Completed
62,42,2024-08-25,73803,5,Cancelled
63,16,2024-11-01,68067,5,Returned
64,355,2024-04-21,70433,10,Returned
65,41,2024-08-25,48482,5,Returned
66,256,2024-10-04,96252,5,Returned
67,446,2024-03-28,56412,15,Completed
68,307,2024-09-03,35737,10,Cancelled
69,94,2024-02-15,43104,10,Completed
70,295,2024-05-25,7164,0,Returned
71,287,2024-08-22,24748,10,Returned
72,103,2024-08-28,93212,15,Cancelled
73,396,2024-04-25,98275,0,Returned
74,37,2024-11-25,37366,5,Returned
75,115,2024-10-16,46388,5,Completed
76,399,2024-08-28,14528,0,Completed
77,470,2024-10-16,91211,0,Completed
78,116,2024-12-05,38026,0,Returned
79,399,2024-04-07,40983,0,Completed
80,428,2024-08-23,47335,0,Completed
81,89,2024-07-06,50224,0,Returned
82,294,2024-06-03,16302,0,Returned
83,382,2024-04-06,6408,15,Returned
84,150,2024-12-12,5510,15,Completed
85,118,2024-03-03,13016,5,Returned
86,429,2024-11-25,68028,5,Cancelled
87,433,2024-08-05,67289,15,Cancelled
88,315,2024-10-31,53521,0,Returned
89,324,2024-03-15,48421,0,Completed
90,260,2024-01-06,66502,0,Cancelled
91,245,2024-01-30,72701,5,Cancelled
92,249,2024-09-11,5916,5,Completed
93,190,2024-05-31,63657,10,Returned
94,244,2024-08-26,41892,0,Returned
95,169,2024-02-13,89549,0,Returned
96,280,2024-07-27,69980,5,Returned
97,456,2024-10-09,43940,5,Returned
98,438,2024-01-16,38920,0,Cancelled
99,415,2024-12-26,84925,5,Returned
100,342,2024-12-09,78923,5,Returned
101,202,2024-04-24,26361,10,Cancelled
102,85,2024-05-20,48702,15,Completed
103,424,2024-02-26,77084,0,Returned
104,130,2024-07-08,70921,5,Cancelled
105,253,2024-01-12,7383,5,Cancelled
106,19,2024-11-06,64126,10,Cancelled
107,375,2024-01-22,45556,0,Returned
108,72,2024-07-31,73008,15,Completed
109,14,2024-06-10,98846,5,Completed
110,355,2024-05-12,79242,0,Cancelled
111,445,2024-01-28,72977,15,Completed
112,187,2024-12-08,36706,15,Cancelled
113,219,2024-11-11,7061,15,Completed
114,289,2024-12-14,89059,0,Completed
115,57,2024-01-16,2610,10,Cancelled
116,217,2024-01-03,60646,0,Completed
117,253,2024-02-14,1985,15,Completed
118,155,2024-06-29,13865,5,Returned
119,294,2024-11-17,74433,5,Cancelled
120,425,2024-04-21,63389,5,Completed
121,256,2024-04-02,49140,15,Returned
122,265,2024-10-23,6510,15,Completed
123,232,2024-03-18,62887,10,Returned
124,494,2024-09-24,40258,0,Cancelled
125,159,2024-02-18,76347,15,Cancelled
126,41,2024-07-08,8220,10,Returned
127,169,2024-07-13,9211,0,Returned
128,328,2024-03-10,18627,0,Returned
129,161,2024-02-02,92516,0,Completed
130,225,2024-01-07,80248,5,Cancelled
131,355,2024-01-17,66602,0,Returned
132,191,2024-07-12,77538,10,Cancelled
133,349,2024-12-08,97350,5,Returned
134,391,2024-08-05,15919,0,Returned
135,122,2024-08-16,31421,15,Cancelled
136,6,2024-01-06,25971,10,Completed
137,464,2024-05-19,98014,0,Returned
138,277,2024-02-15,17334,5,Returned
139,233,2024-10-15,23303,0,Cancelled
140,126,2024-12-20,44698,5,Completed
141,52,2024-12-16,1615,15,Completed
142,429,2024-02-02,13560,10,Completed
143,243,2024-02-27,98119,15,Cancelled
144,485,2024-03-22,47693,10,Returned
145,86,2024-10-24,68457,5,Returned
146,191,2024-02-11,33289,5,Cancelled
147,446,2024-11-28,68132,10,Returned
148,440,2024-02-16,98224,15,Returned
149,37,2024-09-12,89429,0,Cancelled
150,382,2024-02-07,64495,15,Returned
151,498,2024-11-04,89713,5,Returned
152,311,2024-09-25,28478,10,Cancelled
153,23,2024-02-24,14975,0,Returned
154,221,2024-08-13,20623,5,Cancelled
155,15,2024-04-21,86602,5,Completed
156,57,2024-12-31,21806,15,Completed
157,209,2024-03-14,29929,0,Returned
158,315,2024-07-03,34077,10,Cancelled
159,433,2024-07-23,40383,15,Cancelled
160,488,2024-05-13,69138,15,Cancelled
161,116,2024-07-23,23906,0,Cancelled
162,412,2024-09-21,82585,0,Returned
163,438,2024-06-08,30638,15,Cancelled
164,188,2024-01-10,49584,0,Completed
165,394,2024-12-09,63100,10,Returned
166,409,2024-09-21,60043,15,Completed
167,226,2024-07-31,38407,15,Cancelled
168,389,2024-07-15,20690,5,Cancelled
169,72,2024-05-05,55968,0,Returned
170,123,2024-02-24,52033,10,Completed
171,243,2024-03-18,60975,15,Cancelled
172,75,2024-12-02,48129,15,Returned
173,239,2024-03-09,59797,5,Cancelled
174,256,2024-10-13,86043,5,Returned
175,451,2024-11-21,1832,0,Completed
176,315,2024-10-31,97036,15,Returned
177,38,2024-10-29,58045,10,Completed
178,187,2024-06-07,1658,5,Completed
179,239,2024-04-16,12804,5,Cancelled
180,137,2024-07-02,66843,10,Returned
181,79,2024-12-01,61958,10,Cancelled
182,144,2024-11-22,99487,15,Returned
183,96,2024-06-04,37784,5,Completed
184,470,2024-09-11,51914,10,Returned
185,149,2024-03-15,57828,0,Completed
186,43,2024-04-12,66329,15,Returned
187,436,2024-08-23,57191,15,Cancelled
188,101,2024-02-17,63095,0,Returned
189,189,2024-09-29,4065,15,Returned
190,273,2024-05-21,7471,15,Completed
191,409,2024-04-25,56176,10,Returned
192,247,2024-05-12,80279,0,Completed
193,287,2024-02-18,76834,0,Completed
194,176,2024-08-31,53395,0,Completed
195,282,2024-04-06,11383,5,Cancelled
196,144,2024-02-07,6483,0,Cancelled
197,213,2024-01-13,54263,10,Cancelled
198,327,2024-05-20,55728,10,Completed
199,20,2024-11-08,74960,0,Cancelled
200,29,2024-09-07,90932,10,Completed
201,26,2024-09-29,16836,5,Completed
202,231,2024-04-19,38122,15,Cancelled
203,78,2024-11-24,53836,10,Returned
204,410,2024-09-30,97227,0,Cancelled
205,411,2024-11-29,25992,5,Returned
206,176,2024-11-17,14484,5,Completed
207,399,2024-06-24,71544,15,Completed
208,223,2024-11-27,33890,15,Returned
209,270,2024-02-28,23877,15,Returned
210,176,2024-02-09,58138,0,Returned
211,447,2024-09-04,85733,15,Returned
212,167,2024-02-14,88429,5,Cancelled
213,116,2024-01-28,77617,10,Cancelled
214,15,2024-09-11,52291,5,Cancelled
215,110,2024-09-01,59495,10,Cancelled
216,397,2024-11-19,13508,0,Completed
217,398,2024-03-02,74363,0,Returned
218,420,2024-03-12,93518,5,Cancelled
219,363,2024-06-27,65299,5,Returned
220,129,2024-12-20,4635,15,Completed
221,105,2024-01-04,48638,10,Cancelled
222,474,2024-03-16,36153,0,Cancelled
223,347,2024-02-04,63238,10,Completed
224,49,2024-07-27,47312,5,Completed
225,215,2024-11-03,12475,5,Cancelled
226,281,2024-04-06,58931,5,Returned
227,415,2024-07-17,87720,0,Completed
228,230,2024-04-27,97641,15,Completed
229,6,2024-02-05,51780,10,Cancelled
230,372,2024-02-06,41273,15,Cancelled
231,159,2024-01-21,72775,0,Returned
232,410,2024-05-16,7550,0,Cancelled
233,403,2024-04-29,42173,15,Returned
234,55,2024-01-25,46488,5,Cancelled
235,417,2024-08-19,84343,15,Cancelled
236,458,2024-09-18,72128,5,Returned
237,113,2024-02-08,4472,0,Returned
238,490,2024-06-09,71842,10,Returned
239,405,2024-12-02,48835,10,Completed
240,169,2024-06-08,3278,15,Returned
241,61,2024-08-18,14827,0,Returned
242,107,2024-09-21,48562,15,Returned
243,129,2024-01-31,80469,10,Cancelled
244,314,2024-03-17,93502,5,Completed
245,5,2024-03-25,74912,15,Completed
246,211,2024-04-19,20951,15,Returned
247,225,2024-01-17,33171,15,Cancelled
248,397,2024-11-25,41663,15,Completed
249,298,2024-04-20,23035,15,Cancelled
250,256,2024-04-03,63754,5,Returned
251,452,2024-10-04,49768,0,Returned
252,23,2024-10-28,95306,0,Returned
253,423,2024-09-13,83074,15,Completed
254,167,2024-05-13,67912,0,Cancelled
255,227,2024-02-15,13152,10,Cancelled
256,297,2024-09-29,35115,15,Returned
257,148,2024-04-26,50371,5,Returned
258,51,2024-01-14,43340,15,Completed
259,184,2024-08-21,73537,15,Returned
260,267,2024-05-09,12353,10,Returned
261,445,2024-06-05,44588,15,Completed
262,89,2024-02-20,99293,15,Returned
263,467,2024-02-07,72062,0,Completed
264,132,2024-07-09,87199,15,Completed
265,153,2024-01-18,76043,5,Returned
266,416,2024-04-24,41893,15,Returned
267,214,2024-04-17,41469,0,Completed
268,291,2024-04-16,99631,0,Completed
269,336,2024-02-16,98176,10,Returned
270,221,2024-10-05,71700,10,Cancelled
271,421,2024-03-14,21326,10,Completed
272,266,2024-11-22,69034,10,Completed
273,332,2024-12-10,34261,15,Completed
274,431,2024-01-17,90736,15,Returned
275,148,2024-03-01,44185,0,Completed
276,303,2024-01-27,72873,10,Cancelled
277,276,2024-06-01,74532,5,Cancelled
278,487,2024-02-04,47233,15,Cancelled
279,478,2024-01-19,1431,15,Completed
280,308,2024-01-31,17260,0,Completed
281,234,2024-08-22,16301,0,Returned
282,257,2024-11-28,60968,0,Completed
283,159,2024-04-16,69885,0,Returned
284,300,2024-03-18,9380,10,Completed
285,465,2024-10-25,22223,15,Returned
286,472,2024-01-09,96378,15,Returned
287,337,2024-12-30,95301,0,Completed
288,417,2024-10-18,67648,10,Completed
289,254,2024-11-16,54161,5,Completed
290,451,2024-10-12,6129,10,Completed
291,353,2024-12-24,84229,10,Completed
292,42,2024-08-30,60783,0,Cancelled
293,4,2024-03-29,35464,5,Cancelled
294,179,2024-04-20,96193,10,Returned
295,367,2024-12-30,25423,15,Completed
296,251,2024-12-19,2215,5,Completed
297,14,2024-04-19,80154,5,Returned
298,194,2024-11-30,79187,10,Cancelled
299,14,2024-01-19,23286,5,Cancelled
300,303,2024-04-06,20408,15,Completed
301,451,2024-09-20,47560,15,Completed
302,461,2024-01-12,91927,10,Completed
303,129,2024-12-16,87062,10,Returned
304,457,2024-03-15,98821,0,Completed
305,142,2024-04-29,93131,10,Cancelled
306,135,2024-02-03,67986,0,Cancelled
307,3,2024-09-22,43657,5,Cancelled
308,2,2024-08-15,22786,0,Cancelled
309,242,2024-07-16,15977,15,Cancelled
310,280,2024-12-12,78901,10,Completed
311,208,2024-10-10,68735,10,Completed
312,250,2024-05-22,15415,5,Returned
313,123,2024-09-18,90615,15,Cancelled
314,318,2024-10-03,69949,10,Cancelled
315,165,2024-04-19,76734,15,Returned
316,138,2024-11-10,10309,10,Completed
317,334,2024-07-30,3612,10,Returned
318,490,2024-08-22,84167,10,Returned
319,262,2024-12-07,70652,15,Completed
320,272,2024-12-09,23710,10,Returned
321,172,2024-05-05,50806,0,Cancelled
322,151,2024-09-01,17022,0,Completed
323,15,2024-01-12,56275,10,Cancelled
324,339,2024-02-02,51689,0,Cancelled
325,304,2024-03-16,91690,10,Returned
326,197,2024-09-23,94607,15,Cancelled
327,379,2024-03-02,20374,15,Completed
328,35,2024-03-27,76866,15,Returned
329,364,2024-06-16,40191,0,Cancelled
330,465,2024-07-10,80950,15,Returned
331,368,2024-02-16,78110,0,Cancelled
332,241,2024-11-12,63694,15,Cancelled
333,467,2024-01-02,62096,10,Cancelled
334,234,2024-09-28,71126,5,Cancelled
335,174,2024-05-30,83529,5,Completed
336,323,2024-06-04,58243,15,Cancelled
337,304,2024-06-22,1686,5,Returned
338,210,2024-08-06,88562,15,Returned
339,74,2024-12-13,15741,5,Cancelled
340,189,2024-07-10,21437,0,Returned
341,225,2024-02-01,58121,10,Returned
342,435,2024-07-14,39715,5,Returned
343,345,2024-05-15,71803,10,Completed
344,288,2024-06-11,97105,10,Cancelled
345,385,2024-11-02,17190,5,Returned
346,273,2024-08-23,10502,0,Cancelled
347,286,2024-08-30,11611,0,Cancelled
348,352,2024-06-12,34273,5,Completed
349,146,2024-06-16,85090,0,Completed
350,231,2024-09-08,80919,0,Cancelled
351,94,2024-01-16,93634,15,Cancelled
352,197,2024-05-04,23657,0,Completed
353,349,2024-02-11,49331,15,Completed
354,279,2024-04-28,24710,15,Completed
355,458,2024-05-24,37537,5,Cancelled
356,14,2024-07-22,76374,15,Completed
357,253,2024-01-06,55357,0,Cancelled
358,179,2024-06-13,11153,10,Returned
359,226,2024-05-10,83418,5,Completed
360,113,2024-10-22,94413,0,Cancelled
361,111,2024-06-27,96207,10,Cancelled
362,170,2024-01-31,36254,10,Completed
363,48,2024-03-24,90102,5,Cancelled
364,95,2024-11-04,48637,10,Cancelled
365,479,2024-02-12,27586,0,Completed
366,168,2024-04-15,7074,15,Returned
367,210,2024-05-10,17098,5,Cancelled
368,309,2024-05-07,42324,15,Cancelled
369,287,2024-08-12,17579,10,Completed
370,65,2024-12-28,48249,15,Cancelled
371,235,2024-08-27,38477,0,Cancelled
372,291,2024-08-06,25119,5,Completed
373,97,2024-05-18,1221,15,Returned
374,444,2024-07-14,56312,0,Completed
375,206,2024-03-16,33006,5,Cancelled
376,270,2024-12-23,4513,10,Completed
377,220,2024-08-22,30040,10,Cancelled
378,476,2024-10-30,96940,0,Cancelled
379,327,2024-02-17,63555,10,Cancelled
380,289,2024-07-05,93278,0,Cancelled
381,437,2024-09-30,78607,0,Cancelled
382,56,2024-12-29,39894,5,Completed
383,173,2024-03-07,1821,5,Returned
384,105,2024-03-22,74936,0,Cancelled
385,132,2024-08-06,10583,15,Returned
386,197,2024-06-19,52647,10,Completed
387,128,2024-11-13,31505,5,Returned
388,479,2024-05-10,97634,0,Cancelled
389,258,2024-07-19,42752,10,Returned
390,304,2024-08-23,23809,0,Returned
391,391,2024-12-30,68774,15,Cancelled
392,101,2024-01-29,88588,0,Returned
393,31,2024-10-28,68269,0,Completed
394,250,2024-03-25,85639,10,Completed
395,461,2024-06-11,3499,0,Returned
396,391,2024-10-18,44538,10,Cancelled
397,425,2024-07-17,42364,10,Returned
398,401,2024-05-23,93766,5,Cancelled
399,93,2024-02-13,53615,5,Returned
400,352,2024-02-11,81670,5,Cancelled
401,274,2024-11-01,88827,5,Returned
402,340,2024-09-03,44688,15,Completed
403,129,2024-05-10,84243,10,Completed
404,371,2024-03-21,77499,0,Returned
405,81,2024-11-28,65414,15,Completed
406,194,2024-07-05,57053,0,Completed
407,30,2024-03-02,15429,10,Cancelled
408,399,2024-10-18,29503,15,Completed
409,408,2024-03-25,1317,0,Returned
410,8,2024-07-24,98819,10,Completed
411,218,2024-10-21,88721,15,Completed
412,124,2024-01-21,81363,15,Completed
413,93,2024-08-31,16476,0,Completed
414,447,2024-12-29,33501,0,Completed
415,320,2024-05-08,23282,15,Cancelled
416,339,2024-07-12,23828,10,Cancelled
417,338,2024-11-03,30040,5,Returned
418,394,2024-06-05,11118,5,Cancelled
419,59,2024-11-13,49685,0,Returned
420,222,2024-08-27,43808,15,Cancelled
421,39,2024-01-23,75608,0,Returned
422,245,2024-03-14,72128,10,Returned
423,357,2024-02-11,74261,10,Cancelled
424,386,2024-12-04,78469,15,Completed
425,218,2024-05-29,2881,15,Cancelled
426,205,2024-07-08,88189,15,Returned
427,109,2024-11-19,42946,0,Returned
428,291,2024-05-29,70415,15,Cancelled
429,487,2024-10-27,18597,0,Cancelled
430,189,2024-08-22,6158,10,Completed
431,145,2024-05-04,84416,5,Cancelled
432,128,2024-08-11,4072,0,Cancelled
433,424,2024-08-08,24963,0,Cancelled
434,146,2024-04-08,2661,15,Cancelled
435,356,2024-02-16,36990,5,Completed
436,447,2024-09-15,2745,15,Completed
437,186,2024-02-09,20526,10,Completed
438,183,2024-08-20,38424,15,Cancelled
439,108,2024-06-23,54170,5,Returned
440,494,2024-11-16,75217,0,Cancelled
441,369,2024-11-06,5063,15,Cancelled
442,227,2024-06-09,66071,10,Returned
443,280,2024-07-11,38877,15,Completed
444,480,2024-07-22,67441,10,Returned
445,283,2024-01-05,66601,5,Completed
446,458,2024-04-12,5599,15,Cancelled
447,208,2024-07-28,1911,15,Completed
448,86,2024-03-02,70931,0,Returned
449,462,2024-05-09,65348,5,Returned
450,245,2024-01-19,19325,0,Returned
451,447,2024-09-20,75202,0,Returned
452,77,2024-05-30,49753,10,Returned
453,147,2024-02-09,92158,10,Completed
454,354,2024-01-29,70674,5,Completed
455,499,2024-06-17,84772,0,Returned
456,196,2024-06-28,94968,15,Returned
457,317,2024-01-09,76468,0,Returned
458,483,2024-12-17,32777,0,Completed
459,72,2024-06-01,45729,0,Returned
460,169,2024-02-22,51519,0,Cancelled
461,279,2024-06-11,78032,10,Cancelled
462,102,2024-02-26,56939,10,Returned
463,50,2024-02-09,16729,5,Returned
464,165,2024-12-12,93167,5,Returned
465,441,2024-04-25,80682,0,Cancelled
466,401,2024-02-06,86172,10,Completed
467,491,2024-01-14,5407,10,Cancelled
468,410,2024-11-25,32946,10,Completed
469,270,2024-06-25,5139,10,Cancelled
470,51,2024-07-20,14173,15,Cancelled
471,169,2024-03-06,10812,0,Completed
472,31,2024-08-14,17098,10,Returned
473,55,2024-02-18,45303,10,Cancelled
474,358,2024-04-22,7966,5,Returned
475,50,2024-05-18,44053,5,Returned
476,19,2024-07-29,59782,5,Returned
477,117,2024-08-09,58869,0,Cancelled
478,374,2024-01-06,96810,0,Cancelled
479,141,2024-06-22,68468,5,Cancelled
480,79,2024-12-01,63213,15,Cancelled
481,394,2024-07-30,85369,10,Cancelled
482,25,2024-01-02,66948,0,Returned
483,67,2024-01-23,60601,0,Cancelled
484,337,2024-12-27,46176,15,Returned
485,460,2024-01-06,48671,10,Returned
486,182,2024-07-28,18270,10,Cancelled
487,491,2024-12-08,3150,15,Returned
488,59,2024-03-29,36986,5,Completed
489,254,2024-03-05,57236,5,Completed
490,350,2024-08-25,96486,5,Cancelled
491,372,2024-01-19,67925,15,Cancelled
492,237,2024-06-23,89310,0,Cancelled
493,56,2024-01-27,53509,5,Cancelled
494,204,2024-11-12,99070,0,Completed
495,241,2024-03-13,64047,5,Completed
496,79,2024-12-03,24053,5,Completed
497,397,2024-03-07,78048,15,Cancelled
498,2,2024-01-12,90961,0,Returned
499,369,2024-01-24,74852,0,Returned
500,48,2024-06-21,40292,0,Returned
501,397,2024-03-06,86503,10,Completed
502,178,2024-11-30,12465,0,Returned
503,174,2024-03-13,27726,10,Cancelled
504,345,2024-06-10,12613,5,Returned
505,69,2024-12-21,51736,15,Completed
506,335,2024-09-18,58141,10,Returned
507,495,2024-06-11,10262,5,Cancelled
508,198,2024-01-15,5892,15,Completed
509,51,2024-02-09,88204,0,Returned
510,153,2024-03-07,13028,0,Completed
511,66,2024-03-25,58950,5,Cancelled
512,270,2024-06-01,37526,15,Returned
513,234,2024-07-03,85694,5,Completed
514,283,2024-06-28,64714,5,Completed
515,39,2024-08-11,86936,5,Cancelled
516,84,2024-10-14,99845,0,Cancelled
517,114,2024-06-28,22833,10,Cancelled
518,140,2024-11-01,27989,5,Cancelled
519,280,2024-01-24,22950,0,Completed
520,423,2024-04-09,36815,5,Completed
521,227,2024-02-03,90623,15,Completed
522,184,2024-05-29,41458,15,Completed
523,398,2024-10-30,42962,10,Completed
524,50,2024-02-03,54146,15,Completed
525,387,2024-08-16,72196,15,Returned
526,312,2024-10-03,47883,15,Cancelled
527,354,2024-10-11,18888,0,Cancelled
528,225,2024-01-03,49741,10,Returned
529,288,2024-02-06,53112,0,Returned
530,75,2024-07-05,8672,5,Completed
531,37,2024-02-19,66974,0,Returned
532,433,2024-12-02,55664,0,Returned
533,24,2024-10-20,90525,15,Returned
534,432,2024-01-08,38213,0,Completed
535,339,2024-06-06,36944,5,Completed
536,218,2024-10-18,9617,5,Completed
537,61,2024-07-21,11212,10,Returned
538,156,2024-08-01,91692,15,Completed
539,148,2024-04-11,10811,5,Cancelled
540,410,2024-09-30,78694,0,Completed
541,313,2024-03-13,17111,15,Cancelled
542,66,2024-09-03,84890,15,Cancelled
543,74,2024-12-30,71312,10,Completed
544,268,2024-05-22,76764,15,Returned
545,237,2024-10-09,18250,5,Returned
546,103,2024-06-01,90576,0,Cancelled
547,322,2024-02-24,60559,10,Completed
548,44,2024-06-17,55991,0,Completed
549,95,2024-01-03,31336,5,Cancelled
550,361,2024-06-05,28484,5,Cancelled
551,205,2024-06-28,94310,15,Completed
552,322,2024-03-31,48856,0,Completed
553,384,2024-09-25,10097,15,Cancelled
554,133,2024-04-06,16116,5,Cancelled
555,286,2024-02-21,16166,10,Completed
556,480,2024-12-31,75138,0,Cancelled
557,119,2024-05-12,90622,10,Returned
558,168,2024-03-14,66157,10,Returned
559,426,2024-03-05,65224,0,Cancelled
560,126,2024-05-16,62425,15,Returned
561,382,2024-04-23,7723,0,Cancelled
562,266,2024-10-05,20576,0,Completed
563,287,2024-10-30,43265,5,Completed
564,409,2024-02-03,97197,10,Cancelled
565,178,2024-10-19,41286,5,Returned
566,308,2024-08-30,24044,10,Completed
567,358,2024-04-14,48611,5,Returned
568,313,2024-09-14,83024,0,Returned
569,173,2024-05-14,29673,15,Returned
570,198,2024-08-01,97052,15,Returned
571,94,2024-06-07,26100,0,Returned
572,489,2024-03-25,91812,15,Returned
573,305,2024-04-23,70863,0,Cancelled
574,289,2024-09-15,65878,10,Completed
575,329,2024-01-23,21145,15,Returned
576,451,2024-05-29,16576,5,Completed
577,297,2024-03-11,22634,5,Completed
578,267,2024-02-02,26013,10,Cancelled
579,262,2024-01-29,10470,0,Cancelled
580,198,2024-06-26,97495,15,Cancelled
581,446,2024-12-08,71774,10,Completed
582,454,2024-12-07,86662,15,Cancelled
583,472,2024-09-03,18238,0,Completed
584,295,2024-08-30,53893,0,Returned
585,495,2024-12-27,83475,0,Cancelled
586,127,2024-04-08,13091,15,Returned
587,365,2024-03-10,64445,5,Completed
588,60,2024-08-20,32371,5,Cancelled
589,280,2024-11-12,27200,5,Completed
590,67,2024-03-22,33941,5,Cancelled
591,91,2024-11-15,59800,0,Cancelled
592,143,2024-02-16,35920,10,Returned
593,288,2024-04-04,11141,5,Completed
594,470,2024-12-24,62765,15,Returned
595,121,2024-04-13,88700,15,Cancelled
596,199,2024-08-20,60910,0,Returned
597,442,2024-11-26,45565,10,Cancelled
598,37,2024-08-23,81499,0,Completed
599,313,2024-05-23,11770,5,Returned
600,36,2024-04-14,10116,5,Returned
601,473,2024-01-10,92714,15,Returned
602,367,2024-01-23,42485,5,Returned
603,428,2024-07-11,93445,15,Cancelled
604,350,2024-04-21,43378,0,Completed
605,170,2024-12-07,35816,0,Completed
606,383,2024-05-26,89928,15,Returned
607,195,2024-03-18,74763,15,Cancelled
608,53,2024-06-29,82782,5,Returned
609,270,2024-03-18,51636,10,Returned
610,133,2024-04-29,87588,15,Cancelled
611,452,2024-03-03,39133,0,Returned
612,362,2024-08-05,12527,15,Completed
613,10,2024-10-01,59803,10,Returned
614,243,2024-06-03,96772,15,Returned
615,91,2024-01-28,2905,15,Returned
616,383,2024-10-05,36682,15,Cancelled
617,195,2024-10-11,65265,5,Returned
618,398,2024-09-16,37998,5,Returned
619,362,2024-12-22,88930,15,Cancelled
620,349,2024-04-07,87924,15,Cancelled
621,373,2024-08-04,10510,0,Returned
622,498,2024-05-16,15685,10,Returned
623,404,2024-07-22,10590,5,Cancelled
624,415,2024-01-03,53919,15,Completed
625,310,2024-01-25,40616,0,Cancelled
626,358,2024-05-15,96782,10,Completed
627,294,2024-05-30,39495,15,Completed
628,400,2024-12-13,85897,15,Completed
629,195,2024-06-17,44851,0,Completed
630,293,2024-03-03,62880,10,Cancelled
631,43,2024-10-28,61666,5,Returned
632,98,2024-06-13,96472,10,Returned
633,268,2024-04-29,14924,5,Completed
634,152,2024-04-29,80933,10,Completed
635,462,2024-12-14,33294,5,Returned
636,123,2024-10-01,98525,15,Returned
637,59,2024-05-19,54837,0,Returned
638,278,2024-01-18,4050,0,Returned
639,301,2024-08-09,65972,10,Completed
640,198,2024-02-19,84599,10,Cancelled
641,228,2024-02-26,42792,5,Completed
642,422,2024-07-23,43229,5,Cancelled
643,116,2024-04-29,32994,0,Completed
644,28,2024-12-27,39474,10,Returned
645,383,2024-01-27,76141,10,Completed
646,437,2024-05-14,95482,0,Cancelled
647,170,2024-10-12,75816,10,Completed
648,64,2024-06-10,45247,5,Cancelled
649,280,2024-07-16,46736,0,Completed
650,32,2024-01-19,78790,5,Returned
651,309,2024-10-11,84568,15,Completed
652,12,2024-03-26,83206,10,Returned
653,153,2024-09-15,65348,10,Returned
654,201,2024-09-11,25683,0,Completed
655,220,2024-02-26,3164,10,Completed
656,391,2024-06-25,15554,5,Cancelled
657,274,2024-01-08,95067,5,Returned
658,67,2024-06-16,53639,10,Completed
659,130,2024-12-19,79640,15,Returned
660,39,2024-02-05,82739,0,Returned
661,78,2024-12-15,32897,0,Cancelled
662,63,2024-06-27,74711,10,Cancelled
663,403,2024-09-02,63197,5,Cancelled
664,199,2024-10-02,37340,10,Cancelled
665,271,2024-06-05,5140,0,Completed
666,103,2024-11-22,95390,5,Returned
667,392,2024-04-03,87009,10,Returned
668,16,2024-12-07,14955,10,Completed
669,362,2024-05-19,14980,5,Completed
670,464,2024-06-27,65673,0,Returned
671,47,2024-10-02,74417,10,Completed
672,407,2024-03-24,41037,5,Completed
673,471,2024-07-31,2224,15,Cancelled
674,210,2024-04-23,28045,0,Cancelled
675,403,2024-09-17,27374,15,Cancelled
676,276,2024-02-10,41776,0,Cancelled
677,133,2024-04-19,79405,0,Completed
678,306,2024-12-19,56458,5,Cancelled
679,356,2024-06-18,57889,15,Completed
680,229,2024-06-22,56667,0,Completed
681,155,2024-01-09,62564,10,Returned
682,219,2024-06-24,26528,10,Returned
683,25,2024-12-29,54832,0,Completed
684,200,2024-04-18,56718,0,Cancelled
685,469,2024-08-28,81026,10,Returned
686,333,2024-08-27,58843,10,Returned
687,120,2024-05-11,74276,5,Cancelled
688,500,2024-08-03,34692,0,Completed
689,115,2024-02-29,94164,5,Cancelled
690,6,2024-06-14,12651,0,Returned
691,117,2024-02-20,13638,10,Cancelled
692,289,2024-10-04,82916,0,Cancelled
693,425,2024-06-20,33290,10,Returned
694,129,2024-09-04,37034,15,Returned
695,324,2024-01-09,43023,15,Returned
696,227,2024-07-09,39133,15,Returned
697,339,2024-10-19,98720,0,Completed
698,299,2024-05-20,8447,5,Returned
699,369,2024-01-06,17965,15,Returned
700,271,2024-09-19,60716,10,Returned
701,155,2024-01-08,67883,5,Cancelled
702,197,2024-11-25,29105,0,Returned
703,481,2024-10-07,49308,0,Completed
704,436,2024-12-07,2852,10,Completed
705,489,2024-10-03,4541,10,Completed
706,430,2024-06-19,20403,15,Cancelled
707,324,2024-06-24,26103,10,Returned
708,314,2024-03-18,60576,0,Returned
709,442,2024-10-15,26290,0,Returned
710,216,2024-08-03,75455,5,Returned
711,223,2024-06-18,40607,15,Returned
712,38,2024-09-20,18754,15,Cancelled
713,170,2024-04-10,41129,15,Completed
714,333,2024-06-08,23817,15,Completed
715,47,2024-07-02,75770,10,Cancelled
716,170,2024-01-18,45463,5,Completed
717,55,2024-11-24,4463,0,Returned
718,233,2024-01-20,37005,0,Returned
719,469,2024-06-24,61824,5,Returned
720,186,2024-03-08,70155,15,Returned
721,78,2024-05-09,46339,5,Cancelled
722,393,2024-08-07,82630,5,Returned
723,149,2024-10-19,37113,0,Cancelled
724,326,2024-09-03,20838,10,Cancelled
725,248,2024-09-01,82208,5,Returned
726,350,2024-06-10,43544,5,Returned
727,302,2024-05-31,71777,0,Cancelled
728,101,2024-05-12,98755,10,Returned
729,231,2024-03-06,22995,15,Cancelled
730,428,2024-01-01,32539,0,Returned
731,461,2024-06-06,52309,5,Completed
732,472,2024-06-06,51072,0,Completed
733,95,2024-04-18,12341,15,Cancelled
734,101,2024-06-03,91145,5,Completed
735,305,2024-01-31,34102,5,Cancelled
736,218,2024-02-07,65108,15,Returned
737,375,2024-08-16,20397,10,Cancelled
738,56,2024-01-28,57324,0,Returned
739,354,2024-02-25,57779,10,Cancelled
740,163,2024-09-22,83383,0,Returned
741,481,2024-01-05,36164,0,Cancelled
742,123,2024-08-01,60926,15,Cancelled
743,413,2024-03-17,51468,15,Returned
744,222,2024-12-20,19817,0,Completed
745,312,2024-07-26,39600,15,Cancelled
746,81,2024-11-10,54026,10,Completed
747,474,2024-08-30,3549,15,Completed
748,218,2024-10-23,62691,0,Returned
749,69,2024-06-08,82641,15,Completed
750,241,2024-06-13,11299,0,Cancelled
751,475,2024-04-12,88198,0,Cancelled
752,284,2024-10-04,47335,0,Cancelled
753,490,2024-04-23,62180,10,Returned
754,216,2024-11-23,89915,15,Returned
755,40,2024-05-05,15986,5,Returned
756,172,2024-05-16,22486,10,Cancelled
757,144,2024-07-27,76008,10,Returned
758,383,2024-04-20,75739,5,Completed
759,358,2024-06-29,10901,5,Cancelled
760,492,2024-02-21,63083,10,Completed
761,318,2024-11-17,2491,0,Returned
762,357,2024-02-22,74739,15,Cancelled
763,256,2024-09-19,97640,5,Returned
764,141,2024-03-29,30452,15,Cancelled
765,430,2024-05-14,82057,15,Returned
766,273,2024-03-11,91515,0,Completed
767,44,2024-05-27,99234,5,Completed
768,99,2024-06-20,17013,0,Completed
769,389,2024-06-26,17493,5,Cancelled
770,296,2024-07-27,22018,5,Cancelled
771,183,2024-12-21,49932,15,Completed
772,108,2024-11-21,5093,15,Cancelled
773,91,2024-06-12,82505,5,Cancelled
774,424,2024-10-25,14530,5,Returned
775,290,2024-09-19,55569,0,Cancelled
776,439,2024-06-13,12932,10,Completed
777,145,2024-04-12,80887,15,Cancelled
778,305,2024-06-11,19917,15,Returned
779,44,2024-05-03,77802,15,Returned
780,431,2024-01-11,13159,10,Returned
781,136,2024-02-21,13928,5,Returned
782,133,2024-01-03,56166,15,Completed
783,54,2024-08-05,87724,0,Returned
784,138,2024-10-21,65917,5,Completed
785,365,2024-10-13,93924,15,Returned
786,52,2024-12-13,41916,5,Completed
787,272,2024-07-15,49214,0,Cancelled
788,293,2024-03-16,30494,10,Cancelled
789,109,2024-07-11,89177,5,Returned
790,267,2024-12-27,53451,5,Cancelled
791,169,2024-06-21,9003,5,Cancelled
792,195,2024-01-08,42760,15,Returned
793,355,2024-08-09,21670,15,Completed
794,230,2024-09-29,5218,10,Completed
795,477,2024-11-14,2739,10,Completed
796,210,2024-11-29,53176,15,Completed
797,394,2024-11-10,24361,15,Completed
798,422,2024-02-07,85469,10,Completed
799,278,2024-07-04,58244,10,Cancelled
800,354,2024-02-01,72067,5,Completed
801,162,2024-02-15,90011,10,Returned
802,201,2024-06-08,53383,0,Completed
803,378,2024-01-12,28873,5,Cancelled
804,440,2024-09-09,27979,0,Completed
805,202,2024-06-15,53827,5,Cancelled
806,306,2024-04-23,59378,15,Completed
807,376,2024-11-24,64761,0,Completed
808,474,2024-09-03,34742,15,Cancelled
809,348,2024-09-03,18664,10,Completed
810,113,2024-08-29,92083,10,Completed
811,124,2024-08-10,72130,5,Returned
812,67,2024-02-22,90932,5,Completed
813,337,2024-04-08,9284,15,Returned
814,82,2024-10-29,89046,15,Returned
815,353,2024-05-19,66424,5,Returned
816,436,2024-09-14,92030,5,Completed
817,10,2024-08-25,44660,0,Returned
818,263,2024-09-20,36572,5,Cancelled
819,446,2024-03-16,4122,10,Cancelled
820,5,2024-02-23,3730,10,Cancelled
821,14,2024-01-20,67173,0,Cancelled
822,483,2024-07-25,6918,15,Returned
823,146,2024-12-04,91690,0,Cancelled
824,48,2024-10-27,93764,5,Completed
825,446,2024-04-22,71081,15,Cancelled
826,439,2024-04-02,49525,0,Returned
827,403,2024-04-28,61908,0,Completed
828,465,2024-07-31,15413,10,Cancelled
829,322,2024-06-01,84118,10,Completed
830,457,2024-07-30,66516,15,Completed
831,248,2024-10-25,36571,5,Cancelled
832,479,2024-09-14,87927,0,Completed
833,339,2024-06-30,30384,10,Completed
834,399,2024-12-26,83218,0,Returned
835,388,2024-12-11,6731,0,Completed
836,181,2024-05-13,54994,15,Cancelled
837,307,2024-07-11,86742,0,Completed
838,72,2024-07-04,28384,10,Completed
839,470,2024-10-22,10763,0,Completed
840,254,2024-09-30,80827,10,Cancelled
841,57,2024-03-22,43200,0,Cancelled
842,64,2024-03-19,36199,5,Completed
843,100,2024-12-20,88330,5,Completed
844,62,2024-02-10,85152,5,Completed
845,334,2024-05-31,8232,15,Cancelled
846,496,2024-02-24,49003,0,Completed
847,380,2024-06-17,64430,10,Cancelled
848,464,2024-09-05,71659,5,Returned
849,351,2024-05-10,18125,0,Completed
850,188,2024-12-29,49417,0,Completed
851,117,2024-04-05,40128,15,Completed
852,396,2024-04-04,56948,0,Completed
853,453,2024-09-21,69811,0,Completed
854,61,2024-02-05,19345,10,Cancelled
855,131,2024-12-16,80342,15,Returned
856,208,2024-12-02,41664,15,Cancelled
857,82,2024-01-04,70615,5,Returned
858,266,2024-10-09,97216,0,Completed
859,232,2024-05-05,72972,10,Returned
860,310,2024-03-02,99554,0,Completed
861,29,2024-12-23,47376,5,Returned
862,21,2024-01-15,63179,15,Completed
863,121,2024-11-22,13577,0,Returned
864,161,2024-07-20,3797,5,Returned
865,314,2024-10-08,58360,0,Cancelled
866,8,2024-04-28,2042,15,Cancelled
867,92,2024-04-10,27060,0,Cancelled
868,15,2024-03-30,12222,15,Returned
869,348,2024-06-19,90185,0,Returned
870,204,2024-04-26,17867,10,Completed
871,150,2024-08-16,74919,5,Completed
872,72,2024-10-03,81146,5,Cancelled
873,53,2024-11-16,97000,0,Returned
874,365,2024-08-19,22957,0,Cancelled
875,118,2024-12-22,96778,5,Cancelled
876,7,2024-01-26,73930,15,Returned
877,326,2024-02-29,20895,5,Returned
878,428,2024-11-09,95799,0,Completed
879,57,2024-01-15,45588,10,Returned
880,15,2024-08-28,26612,15,Completed
881,320,2024-10-25,88675,10,Returned
882,332,2024-05-06,21346,5,Completed
883,319,2024-12-10,65900,10,Completed
884,342,2024-07-11,80922,0,Returned
885,396,2024-05-30,4418,0,Returned
886,446,2024-10-16,18566,10,Returned
887,270,2024-01-31,95142,10,Completed
888,235,2024-07-29,80994,5,Completed
889,195,2024-11-16,80752,10,Returned
890,387,2024-10-14,7502,15,Completed
891,184,2024-10-07,52937,10,Completed
892,301,2024-09-16,21189,0,Cancelled
893,102,2024-01-06,75102,10,Cancelled
894,335,2024-05-29,77149,15,Completed
895,33,2024-01-09,74911,5,Completed
896,223,2024-03-26,27955,5,Returned
897,8,2024-03-03,86465,15,Completed
898,68,2024-07-10,66790,10,Returned
899,307,2024-01-06,44478,5,Cancelled
900,82,2024-03-28,26303,5,Completed
901,152,2024-06-17,50000,0,Completed
902,442,2024-09-24,88578,0,Returned
903,20,2024-07-24,91993,15,Completed
904,214,2024-09-19,16182,0,Cancelled
905,299,2024-06-08,95363,0,Returned
906,2,2024-11-28,32654,0,Cancelled
907,343,2024-03-14,71669,5,Cancelled
908,298,2024-07-06,62158,5,Returned
909,25,2024-09-08,92170,5,Cancelled
910,310,2024-09-23,16284,5,Returned
911,490,2024-06-13,19462,0,Cancelled
912,359,2024-09-16,54163,10,Completed
913,210,2024-01-29,41393,15,Returned
914,186,2024-04-27,49976,0,Returned
915,343,2024-04-07,39845,0,Completed
916,402,2024-01-31,2688,15,Completed
917,90,2024-04-13,99786,10,Returned
918,431,2024-08-08,62786,10,Returned
919,259,2024-05-01,64312,5,Cancelled
920,302,2024-06-22,64531,15,Cancelled
921,242,2024-08-19,96451,0,Cancelled
922,406,2024-12-28,57722,5,Returned
923,43,2024-11-05,69016,10,Returned
924,458,2024-09-30,95369,10,Cancelled
925,346,2024-09-06,62567,10,Returned
926,133,2024-01-31,59766,15,Cancelled
927,364,2024-09-05,24130,0,Cancelled
928,258,2024-10-27,16406,0,Returned
929,163,2024-10-12,6011,0,Cancelled
930,400,2024-06-11,33212,15,Returned
931,37,2024-08-18,24431,5,Returned
932,67,2024-10-01,39287,10,Returned
933,482,2024-07-01,40922,0,Cancelled
934,33,2024-08-08,54274,5,Returned
935,166,2024-10-05,57318,15,Completed
936,173,2024-03-02,21736,15,Completed
937,139,2024-02-20,70272,15,Returned
938,36,2024-03-21,27061,5,Completed
939,302,2024-03-21,39327,10,Returned
940,479,2024-01-20,49495,5,Returned
941,177,2024-12-18,15999,0,Completed
942,482,2024-06-23,63428,10,Cancelled
943,54,2024-12-31,54575,5,Completed
944,197,2024-07-15,49523,15,Completed
945,217,2024-07-14,50074,0,Completed
946,248,2024-02-09,80248,5,Cancelled
947,316,2024-04-06,78604,5,Completed
948,351,2024-10-28,82586,0,Returned
949,370,2024-01-26,5149,0,Completed
950,205,2024-05-21,79288,10,Cancelled
951,433,2024-08-22,5778,10,Cancelled
952,434,2024-11-13,10445,15,Completed
953,145,2024-05-08,50634,15,Returned
954,235,2024-12-12,27550,5,Returned
955,160,2024-12-15,27008,10,Returned
956,276,2024-03-17,6924,15,Completed
957,91,2024-01-02,87053,0,Completed
958,34,2024-02-09,51416,10,Returned
959,351,2024-11-01,57620,15,Returned
960,213,2024-12-12,35803,5,Returned
961,274,2024-01-02,49422,5,Completed
962,216,2024-05-06,54594,5,Returned
963,332,2024-06-29,45926,15,Returned
964,491,2024-09-09,40613,10,Returned
965,354,2024-08-30,39580,0,Returned
966,137,2024-03-10,77043,5,Completed
967,382,2024-12-19,28809,0,Returned
968,331,2024-07-27,27528,5,Completed
969,156,2024-09-06,61042,15,Cancelled
970,197,2024-07-23,30080,15,Cancelled
971,38,2024-11-06,29811,0,Cancelled
972,420,2024-09-27,69492,5,Returned
973,338,2024-01-01,74750,5,Returned
974,458,2024-09-28,45410,15,Cancelled
975,6,2024-02-12,74703,0,Cancelled
976,229,2024-04-27,77853,10,Returned
977,18,2024-10-22,34009,5,Completed
978,405,2024-10-17,38216,15,Returned
979,376,2024-01-19,44299,15,Completed
980,495,2024-09-06,84220,10,Completed
981,241,2024-11-06,43556,0,Cancelled
982,450,2024-07-16,20106,5,Cancelled
983,281,2024-11-20,19161,10,Completed
984,451,2024-08-17,36881,15,Returned
985,35,2024-09-12,63638,0,Completed
986,256,2024-02-26,13130,0,Returned
987,323,2024-06-27,51637,15,Returned
988,145,2024-03-20,15433,5,Returned
989,113,2024-04-14,39803,0,Cancelled
990,371,2024-04-09,34853,10,Completed
991,54,2024-06-15,81355,10,Returned
992,23,2024-01-20,36848,0,Completed
993,2,2024-05-14,12715,5,Returned
994,190,2024-01-02,21383,5,Cancelled
995,97,2024-12-14,45629,10,Returned
996,212,2024-07-05,18631,15,Cancelled
997,307,2024-08-03,40197,15,Returned
998,368,2024-10-11,30084,10,Returned
999,473,2024-05-15,80121,10,Completed
1000,305,2024-09-06,24592,5,Completed
1001,283,2024-08-25,73976,5,Completed
1002,413,2024-06-20,47146,15,Cancelled
1003,261,2024-11-23,69148,10,Cancelled
1004,238,2024-01-08,29559,10,Returned
1005,306,2024-06-29,30046,5,Completed
1006,320,2024-06-18,31921,0,Completed
1007,335,2024-11-04,71237,15,Cancelled
1008,137,2024-12-30,48290,10,Returned
1009,487,2024-07-09,81930,15,Cancelled
1010,453,2024-02-21,48029,15,Completed
1011,12,2024-12-01,28089,10,Cancelled
1012,315,2024-05-10,22066,5,Cancelled
1013,61,2024-04-08,15582,5,Returned
1014,449,2024-03-17,71118,5,Returned
1015,72,2024-03-27,35756,5,Completed
1016,51,2024-03-02,37930,5,Returned
1017,2,2024-04-02,86692,10,Completed
1018,307,2024-05-01,1691,15,Completed
1019,141,2024-08-31,84468,10,Returned
1020,330,2024-03-08,71070,0,Returned
1021,36,2024-11-12,75505,15,Completed
1022,188,2024-02-05,78255,5,Returned
1023,102,2024-01-28,3823,0,Completed
1024,218,2024-06-21,7927,0,Cancelled
1025,224,2024-09-17,69431,10,Cancelled
1026,63,2024-07-16,78103,15,Completed
1027,3,2024-09-19,81297,15,Completed
1028,72,2024-06-13,63862,5,Completed
1029,97,2024-11-08,55709,10,Cancelled
1030,436,2024-11-17,47440,10,Cancelled
1031,496,2024-03-24,28749,10,Returned
1032,410,2024-08-10,60131,0,Returned
1033,199,2024-04-17,14198,0,Completed
1034,417,2024-11-27,68316,10,Cancelled
1035,214,2024-04-25,29873,5,Returned
1036,355,2024-10-10,4835,0,Returned
1037,496,2024-07-06,57490,5,Completed
1038,123,2024-02-29,66930,0,Cancelled
1039,53,2024-07-02,84252,5,Completed
1040,285,2024-06-04,93297,15,Returned
1041,162,2024-05-05,89856,5,Cancelled
1042,44,2024-12-17,73777,10,Completed
1043,1,2024-01-24,21023,15,Returned
1044,133,2024-07-27,47711,10,Cancelled
1045,85,2024-05-24,20740,15,Completed
1046,385,2024-07-25,11683,15,Completed
1047,265,2024-12-03,79083,0,Cancelled
1048,456,2024-09-06,21647,10,Completed
1049,388,2024-01-13,83827,0,Returned
1050,421,2024-05-17,64399,10,Completed
1051,165,2024-11-19,13069,5,Cancelled
1052,136,2024-11-04,93869,5,Cancelled
1053,171,2024-08-15,70433,15,Completed
1054,307,2024-09-17,17721,0,Completed
1055,151,2024-02-27,86323,5,Completed
1056,72,2024-05-20,22708,0,Returned
1057,314,2024-10-04,87799,0,Returned
1058,75,2024-01-02,46851,5,Completed
1059,246,2024-05-20,26371,10,Completed
1060,16,2024-07-04,39485,10,Completed
1061,350,2024-09-23,82084,15,Returned
1062,277,2024-08-22,43859,0,Cancelled
1063,125,2024-11-10,31076,10,Returned
1064,202,2024-02-22,48497,5,Cancelled
1065,55,2024-08-24,59342,10,Returned
1066,288,2024-07-10,78223,0,Cancelled
1067,163,2024-10-11,98118,15,Completed
1068,121,2024-04-12,39720,0,Cancelled
1069,485,2024-02-10,25662,0,Cancelled
1070,280,2024-05-31,48227,15,Cancelled
1071,447,2024-11-05,3183,5,Returned
1072,121,2024-11-14,55141,5,Cancelled
1073,352,2024-03-14,1181,15,Completed
1074,426,2024-04-14,17519,0,Completed
1075,274,2024-12-17,20754,15,Completed
1076,453,2024-07-08,10040,15,Cancelled
1077,484,2024-03-22,12340,10,Cancelled
1078,348,2024-07-16,94579,10,Completed
1079,429,2024-05-13,21329,0,Returned
1080,267,2024-06-20,41228,10,Completed
1081,312,2024-11-26,71682,5,Returned
1082,134,2024-06-21,39888,0,Returned
1083,98,2024-10-08,73902,0,Cancelled
1084,16,2024-12-26,10126,15,Returned
1085,28,2024-01-14,73943,0,Returned
1086,305,2024-06-13,84514,5,Completed
1087,465,2024-11-21,5427,5,Completed
1088,31,2024-12-02,22202,10,Completed
1089,284,2024-07-11,61617,10,Returned
1090,138,2024-03-05,70705,5,Cancelled
1091,139,2024-12-30,47102,15,Returned
1092,481,2024-01-19,83882,10,Cancelled
1093,291,2024-03-07,97091,0,Cancelled
1094,396,2024-11-20,94285,0,Completed
1095,151,2024-02-03,18882,15,Completed
1096,408,2024-03-21,70266,15,Completed
1097,448,2024-02-13,81198,10,Completed
1098,488,2024-06-16,7833,0,Returned
1099,331,2024-12-22,87096,5,Returned
1100,207,2024-12-31,30688,10,Completed
1101,237,2024-03-03,52151,5,Completed
1102,353,2024-07-13,12568,10,Cancelled
1103,212,2024-11-12,19586,10,Returned
1104,415,2024-05-01,89670,5,Completed
1105,299,2024-12-11,45039,5,Returned
1106,190,2024-06-18,90306,15,Cancelled
1107,304,2024-04-28,68868,10,Cancelled
1108,400,2024-09-24,15730,10,Completed
1109,456,2024-12-17,97564,5,Returned
1110,355,2024-05-11,92894,0,Completed
1111,307,2024-01-14,52318,0,Completed
1112,116,2024-07-16,34534,5,Returned
1113,162,2024-06-16,21877,15,Returned
1114,36,2024-11-03,76686,5,Cancelled
1115,184,2024-03-07,74917,15,Completed
1116,117,2024-04-15,18099,0,Completed
1117,321,2024-01-07,32324,0,Cancelled
1118,139,2024-04-27,70326,5,Returned
1119,117,2024-04-07,72875,10,Cancelled
1120,54,2024-02-19,15190,0,Cancelled
1121,193,2024-02-06,36193,0,Returned
1122,453,2024-07-04,75140,0,Returned
1123,367,2024-10-18,42453,15,Cancelled
1124,180,2024-05-30,83457,0,Completed
1125,8,2024-08-27,50361,0,Completed
1126,111,2024-03-01,53693,0,Completed
1127,313,2024-01-06,71883,5,Completed
1128,369,2024-11-14,87786,10,Completed
1129,389,2024-05-26,58303,5,Cancelled
1130,136,2024-09-02,36352,15,Returned
1131,19,2024-12-15,51301,0,Cancelled
1132,202,2024-06-15,47567,5,Cancelled
1133,69,2024-06-17,57387,5,Cancelled
1134,46,2024-05-05,92851,0,Cancelled
1135,68,2024-09-26,51746,15,Returned
1136,28,2024-06-18,31816,15,Completed
1137,52,2024-05-09,80000,0,Completed
1138,160,2024-11-15,69116,5,Cancelled
1139,318,2024-05-03,8165,0,Cancelled
1140,326,2024-02-06,29574,15,Cancelled
1141,152,2024-02-13,24242,0,Returned
1142,472,2024-01-23,53603,5,Completed
1143,354,2024-10-14,97331,15,Cancelled
1144,326,2024-06-13,57897,5,Completed
1145,416,2024-02-15,76515,5,Cancelled
1146,350,2024-10-28,45393,0,Cancelled
1147,318,2024-11-24,10503,10,Returned
1148,466,2024-09-25,51826,15,Returned
1149,367,2024-09-14,9728,10,Returned
1150,427,2024-08-12,96263,5,Completed
1151,467,2024-12-20,16597,5,Completed
1152,231,2024-10-21,46456,10,Returned
1153,435,2024-10-16,85476,5,Cancelled
1154,203,2024-05-25,99506,5,Completed
1155,19,2024-11-11,26450,0,Cancelled
1156,141,2024-01-02,1046,15,Completed
1157,51,2024-08-03,13090,0,Completed
1158,430,2024-01-21,35345,10,Cancelled
1159,177,2024-03-23,69603,0,Cancelled
1160,143,2024-03-31,4428,5,Completed
1161,206,2024-05-11,57168,0,Completed
1162,197,2024-08-08,62486,10,Completed
1163,370,2024-07-05,81768,15,Returned
1164,48,2024-11-06,96916,15,Returned
1165,163,2024-12-31,62627,15,Completed
1166,407,2024-07-13,7966,10,Cancelled
1167,260,2024-01-10,65746,10,Completed
1168,303,2024-03-27,9555,15,Returned
1169,11,2024-10-09,7648,15,Cancelled
1170,254,2024-09-29,85134,5,Returned
1171,35,2024-10-18,28977,5,Completed
1172,302,2024-04-10,18937,0,Cancelled
1173,276,2024-11-08,11493,15,Completed
1174,339,2024-12-30,90139,5,Returned
1175,332,2024-03-22,93887,10,Returned
1176,13,2024-11-05,57027,5,Completed
1177,222,2024-10-24,75230,0,Completed
1178,230,2024-07-18,80378,15,Completed
1179,471,2024-10-23,50742,0,Returned
1180,413,2024-04-30,34604,0,Completed
1181,250,2024-09-09,33542,10,Completed
1182,442,2024-11-02,91763,0,Completed
1183,297,2024-01-07,85335,15,Completed
1184,300,2024-01-08,6871,10,Returned
1185,194,2024-08-24,39268,15,Cancelled
1186,481,2024-12-21,66527,15,Completed
1187,364,2024-06-11,8826,10,Returned
1188,81,2024-11-27,91421,0,Returned
1189,324,2024-04-04,24424,0,Cancelled
1190,86,2024-05-17,64173,15,Returned
1191,16,2024-11-28,18898,15,Cancelled
1192,249,2024-11-11,82748,5,Completed
1193,141,2024-12-16,54989,10,Completed
1194,219,2024-10-18,99188,5,Cancelled
1195,376,2024-10-25,44963,10,Cancelled
1196,198,2024-08-20,75478,10,Completed
1197,468,2024-03-16,28917,15,Returned
1198,487,2024-09-26,50583,10,Cancelled
1199,101,2024-08-14,5933,15,Completed
1200,191,2024-08-05,36208,10,Returned
1201,62,2024-07-25,18836,15,Cancelled
1202,218,2024-02-13,55161,15,Returned
1203,148,2024-04-14,95395,0,Completed
1204,319,2024-07-04,25230,10,Completed
1205,273,2024-04-26,21805,5,Returned
1206,40,2024-05-28,27944,15,Completed
1207,241,2024-10-25,56533,5,Completed
1208,40,2024-04-23,77140,15,Completed
1209,112,2024-04-23,19813,0,Completed
1210,225,2024-10-02,73553,0,Cancelled
1211,443,2024-11-02,68802,15,Completed
1212,81,2024-01-29,26620,15,Returned
1213,18,2024-06-07,71527,5,Cancelled
1214,152,2024-06-28,17424,0,Completed
1215,402,2024-05-18,17331,15,Completed
1216,274,2024-11-09,58696,5,Completed
1217,427,2024-11-29,33568,10,Cancelled
1218,356,2024-10-23,36973,5,Returned
1219,8,2024-02-11,87499,5,Returned
1220,429,2024-05-04,97546,10,Completed
1221,485,2024-03-29,47691,10,Cancelled
1222,187,2024-01-27,45220,15,Cancelled
1223,20,2024-07-01,11553,10,Cancelled
1224,392,2024-02-25,96897,5,Returned
1225,284,2024-04-12,77293,5,Cancelled
1226,169,2024-09-29,6256,10,Returned
1227,135,2024-12-14,51690,5,Cancelled
1228,412,2024-07-27,73431,10,Returned
1229,136,2024-12-18,27511,0,Completed
1230,272,2024-05-07,47412,5,Completed
1231,135,2024-09-22,42223,10,Completed
1232,308,2024-12-04,41945,15,Cancelled
1233,374,2024-10-13,93122,15,Returned
1234,129,2024-05-25,71755,5,Cancelled
1235,455,2024-07-06,51488,15,Cancelled
1236,465,2024-04-18,20459,15,Cancelled
1237,457,2024-06-02,19413,10,Returned
1238,382,2024-08-02,22814,0,Cancelled
1239,224,2024-09-10,46380,10,Returned
1240,247,2024-08-03,37066,15,Cancelled
1241,383,2024-03-31,50720,10,Cancelled
1242,400,2024-07-16,12571,5,Completed
1243,320,2024-04-14,36016,0,Completed
1244,266,2024-04-12,56774,10,Completed
1245,24,2024-01-08,3055,5,Returned
1246,269,2024-03-08,60730,15,Completed
1247,440,2024-08-21,74856,5,Returned
1248,316,2024-01-13,40736,15,Completed
1249,78,2024-01-18,91845,15,Completed
1250,474,2024-03-06,89331,15,Cancelled
1251,463,2024-04-08,44302,0,Completed
1252,405,2024-02-16,63277,15,Completed
1253,102,2024-05-24,73466,15,Returned
1254,376,2024-08-14,37626,10,Returned
1255,357,2024-08-09,75781,5,Returned
1256,235,2024-02-03,44853,0,Cancelled
1257,233,2024-08-23,72915,0,Returned
1258,56,2024-10-14,61271,5,Cancelled
1259,205,2024-08-12,32098,5,Returned
1260,468,2024-04-15,93592,15,Returned
1261,188,2024-07-08,33556,10,Cancelled
1262,422,2024-06-19,30522,0,Cancelled
1263,365,2024-08-07,86445,10,Returned
1264,362,2024-01-24,24254,5,Cancelled
1265,451,2024-01-09,37473,0,Returned
1266,46,2024-08-24,96164,10,Completed
1267,248,2024-02-13,45569,0,Returned
1268,461,2024-11-05,99493,5,Cancelled
1269,142,2024-04-12,56756,0,Cancelled
1270,2,2024-07-31,28349,15,Returned
1271,155,2024-12-21,80537,15,Completed
1272,328,2024-02-15,57499,0,Completed
1273,230,2024-03-13,80121,5,Completed
1274,202,2024-12-06,50472,5,Cancelled
1275,408,2024-02-25,86455,5,Completed
1276,340,2024-07-08,75286,0,Returned
1277,440,2024-01-30,1786,5,Returned
1278,328,2024-02-23,67330,15,Completed
1279,343,2024-07-22,90420,5,Returned
1280,423,2024-04-14,89629,10,Cancelled
1281,465,2024-03-19,53868,15,Cancelled
1282,245,2024-12-23,66853,15,Completed
1283,158,2024-03-03,27151,5,Returned
1284,350,2024-11-10,52695,10,Completed
1285,345,2024-05-03,78393,10,Cancelled
1286,83,2024-09-24,78062,0,Returned
1287,267,2024-02-12,34959,5,Cancelled
1288,231,2024-03-05,32534,10,Cancelled
1289,53,2024-03-08,71605,10,Returned
1290,465,2024-11-02,25450,15,Completed
1291,284,2024-04-14,62973,10,Completed
1292,338,2024-06-12,7472,10,Cancelled
1293,398,2024-09-15,48414,15,Completed
1294,465,2024-06-14,44349,0,Cancelled
1295,213,2024-07-18,72504,0,Returned
1296,242,2024-02-05,74345,10,Cancelled
1297,304,2024-03-07,59439,0,Cancelled
1298,387,2024-05-31,40814,15,Cancelled
1299,62,2024-05-10,9666,0,Returned
1300,442,2024-07-21,25388,15,Returned
1301,172,2024-06-26,25820,10,Cancelled
1302,379,2024-05-20,90414,10,Returned
1303,386,2024-07-10,76574,10,Returned
1304,76,2024-04-10,17685,15,Completed
1305,93,2024-01-30,40878,0,Returned
1306,457,2024-03-05,66623,5,Completed
1307,129,2024-02-14,40085,5,Returned
1308,267,2024-08-11,5224,0,Cancelled
1309,156,2024-05-20,66973,10,Cancelled
1310,258,2024-12-25,54189,10,Cancelled
1311,124,2024-05-27,17986,10,Cancelled
1312,420,2024-03-13,84065,10,Completed
1313,364,2024-08-17,91590,15,Completed
1314,284,2024-03-21,76740,10,Cancelled
1315,402,2024-03-27,19441,0,Completed
1316,231,2024-04-06,30156,0,Completed
1317,348,2024-11-15,61258,5,Completed
1318,465,2024-05-09,56946,0,Returned
1319,202,2024-03-12,17703,15,Cancelled
1320,160,2024-07-04,90099,15,Returned
1321,261,2024-12-31,31713,15,Returned
1322,216,2024-07-24,44902,5,Cancelled
1323,40,2024-06-28,91470,5,Cancelled
1324,22,2024-09-19,53856,10,Completed
1325,80,2024-10-28,46798,15,Cancelled
1326,428,2024-12-11,87694,0,Completed
1327,261,2024-05-13,21976,10,Returned
1328,485,2024-12-06,39911,0,Completed
1329,343,2024-08-01,18519,5,Returned
1330,154,2024-12-10,97238,10,Completed
1331,361,2024-02-12,81443,15,Cancelled
1332,353,2024-08-29,65650,10,Completed
1333,323,2024-02-06,49060,0,Returned
1334,122,2024-02-28,22735,15,Completed
1335,468,2024-12-09,83558,5,Completed
1336,365,2024-01-31,46437,0,Completed
1337,117,2024-08-11,57347,0,Completed
1338,106,2024-08-30,20225,5,Completed
1339,383,2024-05-07,56702,5,Cancelled
1340,349,2024-01-17,52308,15,Returned
1341,350,2024-08-15,81088,5,Returned
1342,427,2024-11-12,84325,15,Completed
1343,496,2024-06-22,16945,5,Cancelled
1344,172,2024-02-20,83975,0,Returned
1345,368,2024-08-25,42989,0,Completed
1346,418,2024-03-02,94915,0,Returned
1347,165,2024-12-16,46277,5,Cancelled
1348,17,2024-11-26,28737,5,Cancelled
1349,490,2024-02-19,25758,10,Completed
1350,20,2024-09-04,39070,15,Completed
1351,271,2024-12-22,64465,0,Cancelled
1352,224,2024-01-06,68849,15,Cancelled
1353,66,2024-06-02,81161,5,Cancelled
1354,141,2024-02-11,93015,0,Cancelled
1355,232,2024-07-22,55403,15,Cancelled
1356,28,2024-11-27,55109,10,Cancelled
1357,80,2024-06-13,39104,10,Completed
1358,15,2024-11-01,50913,10,Completed
1359,406,2024-04-19,73641,10,Cancelled
1360,149,2024-12-28,74583,10,Returned
1361,210,2024-01-30,86772,5,Cancelled
1362,169,2024-06-09,30948,15,Returned
1363,302,2024-07-18,87050,5,Cancelled
1364,400,2024-06-24,16856,0,Returned
1365,300,2024-11-07,53660,10,Completed
1366,102,2024-07-06,81965,15,Cancelled
1367,47,2024-08-23,51069,10,Completed
1368,186,2024-08-29,39848,10,Returned
1369,147,2024-05-18,19761,0,Cancelled
1370,5,2024-04-20,39459,0,Cancelled
1371,121,2024-11-26,37848,15,Cancelled
1372,99,2024-08-21,7681,5,Cancelled
1373,396,2024-07-25,68251,10,Cancelled
1374,473,2024-11-19,68796,15,Returned
1375,142,2024-02-20,26225,10,Returned
1376,209,2024-12-09,81393,5,Returned
1377,153,2024-05-12,35126,15,Cancelled
1378,348,2024-01-10,53499,10,Returned
1379,390,2024-10-28,96992,15,Completed
1380,152,2024-06-15,96076,0,Completed
1381,170,2024-07-29,33340,5,Cancelled
1382,500,2024-02-04,86518,0,Completed
1383,328,2024-06-11,34043,10,Cancelled
1384,404,2024-09-14,70909,10,Returned
1385,456,2024-11-11,55136,5,Completed
1386,172,2024-10-09,68100,10,Completed
1387,288,2024-10-10,39736,10,Completed
1388,118,2024-08-23,72999,0,Cancelled
1389,255,2024-12-16,13747,5,Returned
1390,128,2024-07-14,40874,10,Returned
1391,33,2024-04-16,13071,10,Completed
1392,324,2024-03-18,79988,5,Returned
1393,484,2024-09-28,62175,5,Completed
1394,279,2024-04-24,13533,10,Returned
1395,183,2024-03-30,6062,0,Cancelled
1396,124,2024-03-15,33492,15,Cancelled
1397,274,2024-03-06,77606,15,Completed
1398,466,2024-09-01,22435,0,Completed
1399,210,2024-04-27,48100,10,Completed
1400,121,2024-09-04,30693,15,Completed
1401,84,2024-04-27,2341,5,Returned
1402,96,2024-02-20,62673,5,Completed
1403,320,2024-06-29,80217,10,Cancelled
1404,258,2024-11-17,57556,15,Cancelled
1405,82,2024-03-24,68403,10,Cancelled
1406,315,2024-09-23,1147,0,Cancelled
1407,123,2024-09-25,81146,0,Returned
1408,478,2024-04-11,42879,0,Cancelled
1409,264,2024-12-13,61387,15,Cancelled
1410,491,2024-07-07,67779,5,Cancelled
1411,205,2024-07-04,96143,0,Returned
1412,93,2024-07-04,96710,10,Cancelled
1413,470,2024-09-17,67319,10,Completed
1414,276,2024-02-17,70133,15,Cancelled
1415,272,2024-03-19,40553,15,Returned
1416,459,2024-03-18,5628,10,Cancelled
1417,13,2024-04-30,91565,0,Cancelled
1418,291,2024-10-24,75369,10,Returned
1419,267,2024-11-16,89819,5,Cancelled
1420,495,2024-02-19,86181,5,Cancelled
1421,264,2024-04-23,37468,10,Cancelled
1422,133,2024-05-28,90068,5,Returned
1423,362,2024-05-29,16809,5,Returned
1424,208,2024-01-16,32197,15,Completed
1425,448,2024-08-22,96432,5,Returned
1426,346,2024-09-17,74959,0,Completed
1427,397,2024-09-11,46721,5,Returned
1428,404,2024-05-25,96815,0,Returned
1429,171,2024-08-06,36539,5,Cancelled
1430,58,2024-06-29,56352,5,Returned
1431,18,2024-10-22,72128,5,Returned
1432,11,2024-01-10,35693,0,Cancelled
1433,42,2024-09-20,88484,5,Returned
1434,293,2024-01-10,46444,15,Completed
1435,28,2024-11-15,6347,10,Returned
1436,111,2024-04-25,43831,10,Returned
1437,93,2024-11-08,82107,10,Returned
1438,463,2024-01-23,31514,15,Cancelled
1439,241,2024-07-25,67915,10,Completed
1440,98,2024-07-30,32091,10,Cancelled
1441,251,2024-09-22,23746,0,Returned
1442,148,2024-09-13,7991,5,Returned
1443,198,2024-09-09,57993,5,Returned
1444,46,2024-11-01,32959,5,Cancelled
1445,169,2024-04-14,94924,5,Completed
1446,107,2024-01-01,91296,15,Cancelled
1447,467,2024-12-30,75261,5,Returned
1448,210,2024-10-01,74134,5,Cancelled
1449,467,2024-12-15,56241,10,Returned
1450,204,2024-05-24,82342,15,Cancelled
1451,135,2024-05-22,6152,15,Returned
1452,198,2024-02-03,2479,10,Cancelled
1453,230,2024-03-03,34963,0,Completed
1454,39,2024-12-25,55622,15,Cancelled
1455,458,2024-02-15,86526,5,Cancelled
1456,410,2024-05-01,64655,15,Returned
1457,46,2024-02-26,28279,5,Completed
1458,39,2024-07-07,58588,0,Completed
1459,49,2024-05-02,41845,10,Returned
1460,63,2024-02-17,65133,0,Completed
1461,398,2024-01-27,71263,15,Cancelled
1462,200,2024-05-07,46888,5,Cancelled
1463,118,2024-03-06,27816,0,Returned
1464,289,2024-08-09,21200,15,Cancelled
1465,291,2024-08-21,55555,10,Completed
1466,40,2024-11-21,75503,5,Cancelled
1467,438,2024-03-28,38510,10,Completed
1468,261,2024-09-27,78983,15,Completed
1469,98,2024-01-07,39244,5,Cancelled
1470,475,2024-08-12,28426,15,Returned
1471,246,2024-02-12,96379,10,Completed
1472,99,2024-03-11,93110,0,Cancelled
1473,430,2024-06-01,70921,5,Completed
1474,120,2024-12-11,37423,5,Cancelled
1475,168,2024-03-21,69175,10,Returned
1476,290,2024-03-06,94181,15,Returned
1477,316,2024-04-18,84367,10,Returned
1478,88,2024-01-24,35058,15,Cancelled
1479,181,2024-02-01,57117,15,Cancelled
1480,458,2024-11-04,99992,5,Returned
1481,340,2024-08-24,58041,10,Cancelled
1482,497,2024-02-19,33041,15,Cancelled
1483,451,2024-05-23,10890,15,Completed
1484,308,2024-05-04,50303,15,Cancelled
1485,403,2024-04-10,70479,0,Completed
1486,248,2024-09-07,80175,10,Returned
1487,393,2024-05-18,35826,0,Returned
1488,182,2024-11-12,98227,15,Completed
1489,98,2024-12-16,6341,0,Returned
1490,449,2024-11-17,98921,5,Cancelled
1491,192,2024-09-21,93144,15,Returned
1492,163,2024-08-09,66690,15,Returned
1493,368,2024-08-29,98467,10,Cancelled
1494,168,2024-08-24,88998,0,Cancelled
1495,295,2024-12-11,56770,15,Returned
1496,430,2024-07-26,21715,15,Returned
1497,207,2024-04-30,51223,5,Returned
1498,5,2024-11-11,56100,10,Completed
1499,20,2024-04-08,16470,5,Completed
1500,287,2024-05-23,77154,5,Completed
1501,155,2024-07-23,4650,0,Cancelled
1502,144,2024-05-04,53874,15,Completed
1503,272,2024-04-17,33309,15,Completed
1504,146,2024-10-09,49110,10,Returned
1505,166,2024-06-22,82598,5,Returned
1506,109,2024-05-16,68759,5,Completed
1507,56,2024-09-15,89702,10,Cancelled
1508,51,2024-03-29,78687,0,Returned
1509,165,2024-02-03,72264,5,Returned
1510,394,2024-08-02,98322,5,Completed
1511,224,2024-12-27,15734,10,Cancelled
1512,390,2024-05-18,61961,15,Completed
1513,207,2024-12-31,22049,5,Cancelled
1514,27,2024-03-29,48884,0,Returned
1515,349,2024-03-11,71438,5,Returned
1516,401,2024-04-19,33413,10,Completed
1517,432,2024-01-13,11442,10,Cancelled
1518,357,2024-05-23,23757,5,Returned
1519,216,2024-11-09,12520,0,Cancelled
1520,184,2024-05-13,37711,10,Completed
1521,260,2024-12-21,11841,15,Completed
1522,490,2024-06-18,62336,15,Returned
1523,83,2024-02-16,88288,5,Returned
1524,75,2024-06-04,34491,15,Returned
1525,267,2024-08-09,67152,0,Completed
1526,329,2024-01-02,26189,0,Returned
1527,431,2024-01-18,85283,10,Completed
1528,369,2024-06-01,29869,5,Cancelled
1529,18,2024-07-02,63784,0,Returned
1530,411,2024-07-14,85260,0,Cancelled
1531,303,2024-11-11,39115,5,Completed
1532,424,2024-05-27,62241,10,Completed
1533,492,2024-04-02,30055,10,Cancelled
1534,389,2024-06-21,22320,0,Returned
1535,464,2024-01-13,54981,5,Completed
1536,104,2024-08-07,63116,5,Returned
1537,30,2024-12-24,59280,15,Cancelled
1538,293,2024-12-01,79322,10,Completed
1539,390,2024-09-13,8536,10,Completed
1540,234,2024-12-27,11042,10,Completed
1541,370,2024-01-13,18804,0,Completed
1542,46,2024-11-16,97021,10,Cancelled
1543,458,2024-08-18,88450,15,Cancelled
1544,493,2024-01-22,15481,5,Returned
1545,82,2024-09-03,16624,0,Cancelled
1546,270,2024-05-09,95902,15,Cancelled
1547,499,2024-12-16,88784,0,Returned
1548,102,2024-10-20,43986,5,Cancelled
1549,142,2024-04-25,6225,10,Completed
1550,100,2024-01-23,99464,15,Returned
1551,204,2024-08-21,68692,10,Completed
1552,298,2024-03-11,31811,5,Cancelled
1553,494,2024-12-05,69639,5,Returned
1554,36,2024-01-24,50696,10,Returned
1555,285,2024-10-10,1811,10,Returned
1556,387,2024-06-14,24729,15,Completed
1557,240,2024-01-05,29198,5,Cancelled
1558,175,2024-01-17,56538,0,Returned
1559,362,2024-10-21,27890,15,Completed
1560,81,2024-11-05,35822,0,Cancelled
1561,412,2024-05-31,15244,5,Cancelled
1562,109,2024-03-08,84649,10,Returned
1563,127,2024-08-31,3533,10,Cancelled
1564,347,2024-01-07,14426,5,Completed
1565,250,2024-11-14,29624,0,Returned
1566,91,2024-09-18,65832,10,Returned
1567,56,2024-08-07,84296,5,Completed
1568,119,2024-03-28,85129,10,Cancelled
1569,92,2024-07-09,12913,10,Completed
1570,164,2024-07-18,73349,10,Completed
1571,34,2024-08-17,3282,5,Returned
1572,340,2024-05-22,5015,0,Cancelled
1573,407,2024-04-25,92257,0,Returned
1574,369,2024-06-05,51593,15,Returned
1575,116,2024-11-10,56264,10,Returned
1576,249,2024-09-28,69656,10,Returned
1577,196,2024-02-17,29889,15,Completed
1578,498,2024-09-01,15009,5,Completed
1579,425,2024-09-12,13161,0,Completed
1580,7,2024-02-11,2088,0,Completed
1581,179,2024-08-21,57246,0,Completed
1582,10,2024-03-27,12456,15,Returned
1583,113,2024-01-04,91358,5,Returned
1584,447,2024-11-22,17427,5,Completed
1585,473,2024-03-04,14011,15,Returned
1586,433,2024-06-18,34486,10,Returned
1587,379,2024-04-16,87619,15,Returned
1588,59,2024-01-22,42994,5,Completed
1589,474,2024-08-12,39730,10,Completed
1590,172,2024-09-03,38862,0,Returned
1591,364,2024-09-17,53343,0,Cancelled
1592,244,2024-06-11,29798,0,Completed
1593,239,2024-08-16,79455,15,Cancelled
1594,420,2024-03-11,40418,15,Cancelled
1595,101,2024-05-24,66756,10,Returned
1596,167,2024-04-04,8241,10,Returned
1597,79,2024-01-10,10574,0,Returned
1598,333,2024-12-20,39733,15,Completed
1599,438,2024-02-13,25092,0,Completed
1600,408,2024-03-18,32539,10,Completed
1601,57,2024-05-08,84537,0,Returned
1602,105,2024-04-05,35384,10,Returned
1603,221,2024-02-08,18181,5,Cancelled
1604,357,2024-07-17,10344,5,Cancelled
1605,243,2024-10-18,17069,0,Returned
1606,13,2024-01-11,76787,10,Returned
1607,148,2024-04-02,50039,0,Completed
1608,124,2024-08-29,40301,5,Cancelled
1609,224,2024-04-12,72691,15,Completed
1610,454,2024-02-21,81968,0,Returned
1611,318,2024-01-26,85757,0,Completed
1612,89,2024-10-25,66295,10,Completed
1613,40,2024-08-25,89096,10,Completed
1614,60,2024-02-21,92336,5,Cancelled
1615,497,2024-06-07,37464,10,Completed
1616,33,2024-01-08,13651,0,Cancelled
1617,119,2024-11-22,2967,15,Returned
1618,419,2024-06-14,57679,15,Returned
1619,23,2024-04-08,14330,15,Completed
1620,336,2024-11-18,48356,10,Completed
1621,348,2024-01-02,39683,5,Returned
1622,335,2024-10-19,35818,5,Completed
1623,500,2024-11-01,27833,0,Completed
1624,465,2024-09-11,7631,15,Returned
1625,168,2024-11-27,30596,5,Cancelled
1626,127,2024-06-30,33932,5,Cancelled
1627,382,2024-12-21,46176,0,Completed
1628,487,2024-09-22,42831,10,Completed
1629,127,2024-05-22,67681,5,Cancelled
1630,479,2024-06-28,26822,10,Returned
1631,276,2024-05-05,89138,10,Returned
1632,467,2024-09-19,82557,5,Completed
1633,433,2024-04-18,46146,5,Completed
1634,246,2024-09-22,22963,10,Returned
1635,380,2024-09-01,77177,15,Returned
1636,120,2024-01-27,20122,15,Returned
1637,219,2024-01-21,26719,5,Cancelled
1638,407,2024-06-22,12016,10,Returned
1639,372,2024-03-29,55052,0,Completed
1640,286,2024-02-12,48602,10,Completed
1641,192,2024-11-26,26237,5,Cancelled
1642,273,2024-03-14,36937,0,Returned
1643,283,2024-09-16,35536,5,Returned
1644,77,2024-08-28,84402,15,Cancelled
1645,196,2024-06-06,76521,15,Cancelled
1646,230,2024-04-02,79258,5,Completed
1647,71,2024-12-23,84817,15,Cancelled
1648,132,2024-04-06,60434,0,Completed
1649,43,2024-12-09,21400,0,Cancelled
1650,388,2024-02-16,52607,10,Returned
1651,212,2024-06-17,71044,0,Returned
1652,464,2024-11-04,63322,10,Completed
1653,4,2024-04-19,38853,5,Cancelled
1654,431,2024-02-12,25428,0,Returned
1655,23,2024-06-24,69823,5,Completed
1656,457,2024-05-31,78759,10,Completed
1657,383,2024-04-06,16772,0,Completed
1658,12,2024-06-09,85027,15,Completed
1659,369,2024-03-01,41666,10,Returned
1660,204,2024-12-26,25499,5,Cancelled
1661,413,2024-02-20,77241,0,Returned
1662,345,2024-07-16,54945,0,Cancelled
1663,99,2024-02-04,82105,10,Cancelled
1664,461,2024-05-14,37482,0,Completed
1665,163,2024-06-05,90157,5,Completed
1666,463,2024-02-05,62730,15,Cancelled
1667,143,2024-12-17,63484,15,Completed
1668,385,2024-12-17,9220,15,Cancelled
1669,294,2024-08-26,98853,0,Returned
1670,371,2024-09-27,29753,10,Completed
1671,374,2024-11-21,10082,10,Returned
1672,50,2024-04-03,77734,10,Returned
1673,46,2024-10-22,36262,15,Cancelled
1674,367,2024-11-26,16709,0,Returned
1675,240,2024-01-13,56685,15,Returned
1676,455,2024-09-10,70142,10,Completed
1677,194,2024-12-15,53039,10,Completed
1678,454,2024-10-21,13265,5,Returned
1679,316,2024-02-09,31405,0,Cancelled
1680,244,2024-08-01,71110,10,Completed
1681,377,2024-09-02,40558,0,Cancelled
1682,46,2024-12-01,52679,10,Cancelled
1683,228,2024-06-29,42742,10,Cancelled
1684,245,2024-06-20,55860,10,Returned
1685,352,2024-01-14,1654,15,Cancelled
1686,222,2024-11-21,58580,0,Returned
1687,286,2024-05-24,76269,15,Completed
1688,275,2024-07-13,68963,10,Cancelled
1689,375,2024-12-18,19177,0,Returned
1690,62,2024-05-31,5068,10,Completed
1691,221,2024-03-15,34833,10,Completed
1692,339,2024-04-20,25035,10,Completed
1693,160,2024-08-29,6612,10,Returned
1694,497,2024-12-09,39337,10,Completed
1695,69,2024-02-28,87583,5,Returned
1696,355,2024-09-24,79398,15,Returned
1697,72,2024-03-08,91031,5,Returned
1698,493,2024-02-23,49964,0,Cancelled
1699,435,2024-07-09,85899,10,Cancelled
1700,329,2024-11-09,42437,5,Cancelled
1701,263,2024-01-16,46615,15,Completed
1702,84,2024-08-18,10408,5,Cancelled
1703,106,2024-11-18,86323,5,Returned
1704,21,2024-06-03,44448,10,Cancelled
1705,179,2024-11-02,80008,5,Completed
1706,492,2024-03-16,15085,0,Returned
1707,229,2024-09-15,61584,10,Cancelled
1708,31,2024-06-05,11682,15,Returned
1709,468,2024-10-30,60969,0,Completed
1710,411,2024-12-21,84502,15,Returned
1711,131,2024-04-13,12566,5,Completed
1712,69,2024-04-01,31144,10,Returned
1713,115,2024-01-27,41709,10,Completed
1714,491,2024-12-31,39103,0,Cancelled
1715,55,2024-10-10,36510,15,Completed
1716,470,2024-01-30,52733,15,Cancelled
1717,125,2024-05-08,92775,10,Completed
1718,70,2024-04-01,40073,5,Completed
1719,236,2024-04-09,43699,5,Returned
1720,182,2024-09-28,88442,10,Cancelled
1721,210,2024-10-04,9007,10,Completed
1722,451,2024-01-24,59310,10,Completed
1723,244,2024-07-20,65945,0,Cancelled
1724,428,2024-11-15,30937,10,Completed
1725,250,2024-10-10,26248,10,Cancelled
1726,424,2024-11-17,92688,15,Cancelled
1727,83,2024-04-10,63622,10,Completed
1728,153,2024-06-08,99913,0,Returned
1729,53,2024-09-19,12200,0,Returned
1730,215,2024-11-11,33771,5,Returned
1731,173,2024-06-06,90676,5,Returned
1732,447,2024-03-26,53136,10,Cancelled
1733,454,2024-05-13,42165,10,Completed
1734,361,2024-06-14,5813,0,Returned
1735,320,2024-07-22,48954,10,Completed
1736,245,2024-06-23,25269,15,Cancelled
1737,13,2024-05-25,24857,10,Completed
1738,112,2024-08-09,98445,10,Returned
1739,16,2024-04-01,13021,15,Returned
1740,364,2024-06-25,49400,10,Completed
1741,417,2024-06-27,5095,5,Cancelled
1742,369,2024-08-06,81987,0,Completed
1743,345,2024-09-28,3829,5,Cancelled
1744,208,2024-04-15,28709,15,Cancelled
1745,397,2024-05-26,68763,5,Returned
1746,121,2024-06-03,83024,0,Completed
1747,307,2024-10-19,19369,15,Completed
1748,75,2024-07-31,64252,10,Completed
1749,408,2024-07-03,96634,15,Completed
1750,371,2024-06-02,71958,15,Completed
1751,458,2024-08-29,70402,0,Completed
1752,261,2024-03-26,84422,10,Cancelled
1753,349,2024-04-23,55121,0,Completed
1754,180,2024-09-13,25657,10,Cancelled
1755,430,2024-03-08,34685,5,Completed
1756,76,2024-03-12,37232,10,Completed
1757,320,2024-06-11,2428,15,Completed
1758,109,2024-10-15,71664,15,Returned
1759,200,2024-11-11,97613,0,Cancelled
1760,496,2024-07-28,80982,10,Returned
1761,500,2024-02-11,77173,10,Cancelled
1762,117,2024-04-28,48571,0,Completed
1763,287,2024-10-18,22225,0,Completed
1764,234,2024-08-12,25315,0,Returned
1765,215,2024-01-05,64655,10,Completed
1766,290,2024-02-20,20577,10,Completed
1767,445,2024-01-01,16728,10,Returned
1768,60,2024-12-08,33546,0,Cancelled
1769,411,2024-03-09,30436,15,Returned
1770,109,2024-05-10,10269,0,Completed
1771,446,2024-09-23,99184,10,Cancelled
1772,56,2024-09-06,30171,10,Cancelled
1773,341,2024-12-19,36579,5,Returned
1774,468,2024-06-04,55343,10,Cancelled
1775,471,2024-03-24,17630,5,Completed
1776,2,2024-04-22,32441,10,Returned
1777,245,2024-04-26,82965,15,Cancelled
1778,225,2024-12-03,60057,10,Returned
1779,17,2024-01-04,10074,0,Returned
1780,41,2024-05-09,12300,0,Cancelled
1781,76,2024-08-13,63914,15,Completed
1782,330,2024-02-06,75559,10,Returned
1783,129,2024-07-06,32168,5,Cancelled
1784,476,2024-10-22,40666,10,Cancelled
1785,132,2024-03-10,64615,15,Completed
1786,296,2024-12-26,34373,10,Returned
1787,4,2024-03-17,45255,10,Completed
1788,58,2024-03-09,89365,5,Cancelled
1789,79,2024-06-14,30246,0,Cancelled
1790,283,2024-06-02,58592,5,Returned
1791,56,2024-12-19,42693,0,Cancelled
1792,300,2024-12-19,41659,5,Completed
1793,72,2024-07-06,1194,15,Completed
1794,78,2024-02-24,12283,5,Completed
1795,310,2024-01-16,90995,0,Returned
1796,53,2024-09-23,48729,10,Completed
1797,195,2024-03-29,54304,0,Returned
1798,446,2024-08-06,89583,0,Cancelled
1799,85,2024-06-13,23886,10,Returned
1800,460,2024-08-10,42888,10,Cancelled
1801,344,2024-08-16,61318,15,Cancelled
1802,50,2024-08-05,90230,0,Completed
1803,241,2024-10-27,27699,0,Cancelled
1804,25,2024-06-21,68436,10,Returned
1805,341,2024-10-19,13547,0,Returned
1806,116,2024-05-24,5999,15,Completed
1807,298,2024-08-23,61897,10,Completed
1808,320,2024-08-11,45031,10,Returned
1809,261,2024-12-08,95541,15,Returned
1810,284,2024-12-07,33712,15,Returned
1811,317,2024-01-27,12994,0,Cancelled
1812,29,2024-08-11,92820,5,Completed
1813,197,2024-06-22,67627,5,Returned
1814,92,2024-10-22,93300,5,Returned
1815,419,2024-03-16,39040,10,Completed
1816,456,2024-09-13,93941,10,Returned
1817,208,2024-09-08,81600,10,Cancelled
1818,496,2024-10-10,19068,10,Completed
1819,100,2024-05-29,51950,10,Cancelled
1820,342,2024-12-27,61667,5,Returned
1821,69,2024-03-28,50828,5,Returned
1822,40,2024-09-08,31554,0,Completed
1823,160,2024-05-07,39525,10,Cancelled
1824,416,2024-04-07,78471,0,Cancelled
1825,475,2024-06-03,91145,0,Completed
1826,230,2024-02-22,21702,10,Completed
1827,277,2024-02-18,5601,5,Completed
1828,405,2024-03-03,66734,10,Returned
1829,331,2024-03-13,56647,0,Completed
1830,228,2024-07-24,63622,15,Completed
1831,127,2024-03-30,85376,5,Returned
1832,341,2024-08-20,54650,0,Returned
1833,208,2024-02-12,16835,0,Completed
1834,226,2024-06-08,9677,15,Returned
1835,352,2024-08-21,41571,15,Cancelled
1836,119,2024-08-09,79378,5,Cancelled
1837,283,2024-06-28,13301,10,Cancelled
1838,100,2024-05-23,22140,10,Completed
1839,489,2024-01-06,4220,10,Completed
1840,139,2024-06-16,81391,10,Completed
1841,197,2024-04-19,55576,15,Completed
1842,85,2024-04-01,8433,10,Cancelled
1843,316,2024-07-29,91101,0,Cancelled
1844,147,2024-01-27,96280,5,Returned
1845,435,2024-04-28,41227,10,Completed
1846,251,2024-11-23,87176,0,Cancelled
1847,121,2024-07-08,60564,0,Returned
1848,116,2024-07-31,76280,10,Cancelled
1849,25,2024-02-27,47007,15,Completed
1850,101,2024-09-15,3981,5,Completed
1851,279,2024-05-21,22442,10,Returned
1852,433,2024-04-28,90319,15,Cancelled
1853,395,2024-07-26,88743,10,Returned
1854,435,2024-06-29,26299,0,Completed
1855,127,2024-01-01,11165,10,Completed
1856,266,2024-10-14,66422,10,Cancelled
1857,498,2024-08-04,9568,15,Returned
1858,377,2024-08-16,28920,0,Cancelled
1859,234,2024-05-26,55984,5,Completed
1860,170,2024-07-09,31089,15,Cancelled
1861,35,2024-07-04,62428,15,Returned
1862,309,2024-04-20,36258,0,Completed
1863,47,2024-05-08,44916,5,Completed
1864,472,2024-12-11,68790,5,Returned
1865,190,2024-10-04,95832,0,Cancelled
1866,30,2024-08-29,21528,10,Completed
1867,216,2024-08-14,76018,5,Completed
1868,247,2024-08-19,6518,15,Cancelled
1869,291,2024-01-03,25789,5,Completed
1870,431,2024-02-18,98706,15,Cancelled
1871,294,2024-07-28,55046,0,Cancelled
1872,294,2024-01-11,68352,5,Cancelled
1873,205,2024-10-16,71726,0,Cancelled
1874,176,2024-01-04,20384,10,Completed
1875,342,2024-04-06,51615,15,Cancelled
1876,119,2024-12-12,29990,5,Completed
1877,43,2024-09-23,75501,0,Returned
1878,457,2024-07-25,60814,5,Returned
1879,339,2024-12-15,44601,10,Cancelled
1880,471,2024-09-10,87192,15,Cancelled
1881,363,2024-05-14,14239,15,Cancelled
1882,278,2024-01-23,73236,10,Completed
1883,395,2024-06-17,84730,15,Completed
1884,101,2024-08-02,28617,15,Completed
1885,312,2024-02-22,38416,15,Completed
1886,52,2024-03-23,46555,0,Cancelled
1887,393,2024-11-30,70842,5,Returned
1888,438,2024-07-26,90965,0,Cancelled
1889,484,2024-02-23,22179,5,Cancelled
1890,171,2024-08-30,25401,10,Completed
1891,222,2024-09-06,41405,0,Completed
1892,61,2024-09-13,15544,10,Completed
1893,318,2024-11-27,75259,0,Cancelled
1894,221,2024-11-22,89407,5,Returned
1895,449,2024-09-23,60232,10,Returned
1896,60,2024-04-19,64092,0,Cancelled
1897,110,2024-09-06,36236,5,Cancelled
1898,36,2024-04-06,7123,0,Completed
1899,155,2024-12-12,23472,10,Completed
1900,185,2024-09-28,73815,10,Returned
1901,469,2024-08-25,37219,0,Completed
1902,48,2024-05-12,58290,5,Cancelled
1903,67,2024-10-22,18365,0,Returned
1904,173,2024-08-15,6341,0,Returned
1905,411,2024-12-24,24915,5,Cancelled
1906,357,2024-06-30,51497,15,Completed
1907,192,2024-10-23,75892,0,Completed
1908,356,2024-03-04,88037,15,Completed
1909,94,2024-08-03,89641,5,Returned
1910,380,2024-12-17,5378,15,Returned
1911,102,2024-10-16,58634,10,Returned
1912,66,2024-04-12,50201,10,Returned
1913,453,2024-09-10,17127,10,Returned
1914,469,2024-02-23,37125,0,Returned
1915,265,2024-12-04,82610,10,Cancelled
1916,38,2024-12-23,50624,5,Completed
1917,222,2024-06-20,17312,0,Returned
1918,131,2024-01-11,74263,15,Returned
1919,361,2024-11-27,36153,5,Returned
1920,118,2024-12-27,66295,0,Completed
1921,102,2024-09-07,73785,0,Returned
1922,486,2024-09-23,75036,5,Returned
1923,117,2024-06-28,58668,5,Returned
1924,347,2024-03-16,75066,5,Returned
1925,126,2024-06-12,92120,10,Completed
1926,210,2024-08-08,67382,0,Cancelled
1927,295,2024-08-28,83122,5,Completed
1928,214,2024-08-23,93922,10,Completed
1929,255,2024-01-27,95782,5,Cancelled
1930,323,2024-11-23,15406,10,Completed
1931,121,2024-07-09,29343,0,Cancelled
1932,449,2024-11-17,41134,10,Cancelled
1933,95,2024-07-09,54592,5,Cancelled
1934,386,2024-07-16,31555,10,Completed
1935,94,2024-07-05,89088,5,Completed
1936,356,2024-10-05,10037,10,Completed
1937,441,2024-11-17,99840,15,Cancelled
1938,332,2024-11-14,48200,15,Returned
1939,99,2024-03-24,87428,5,Returned
1940,443,2024-10-14,56257,0,Cancelled
1941,61,2024-02-05,15129,0,Cancelled
1942,16,2024-09-10,76456,15,Cancelled
1943,25,2024-08-08,16905,15,Cancelled
1944,93,2024-10-25,35523,15,Completed
1945,4,2024-11-08,49110,5,Returned
1946,197,2024-11-05,59304,0,Returned
1947,102,2024-09-05,31906,5,Cancelled
1948,286,2024-03-10,71527,0,Returned
1949,209,2024-07-22,81514,15,Returned
1950,326,2024-08-22,46121,15,Cancelled
1951,248,2024-08-12,67947,5,Returned
1952,60,2024-02-13,88218,5,Returned
1953,447,2024-07-28,26163,0,Returned
1954,221,2024-09-27,85576,10,Returned
1955,137,2024-02-07,26371,15,Completed
1956,459,2024-12-23,41063,10,Returned
1957,116,2024-10-20,73281,5,Returned
1958,196,2024-01-14,77990,5,Cancelled
1959,180,2024-07-17,93114,5,Returned
1960,359,2024-05-29,58921,5,Returned
1961,459,2024-02-16,58916,5,Cancelled
1962,20,2024-09-20,27777,15,Returned
1963,143,2024-10-21,54099,15,Returned
1964,72,2024-04-20,62522,15,Returned
1965,17,2024-12-08,62549,5,Returned
1966,60,2024-08-15,6632,0,Returned
1967,455,2024-07-04,15973,5,Cancelled
1968,389,2024-04-14,95953,5,Cancelled
1969,401,2024-09-12,38558,15,Returned
1970,207,2024-01-31,60998,10,Returned
1971,477,2024-12-12,96609,10,Returned
1972,408,2024-12-30,84868,10,Returned
1973,430,2024-04-07,50665,15,Completed
1974,379,2024-06-19,54875,15,Completed
1975,327,2024-08-12,80072,15,Cancelled
1976,26,2024-11-24,33939,15,Completed
1977,437,2024-07-19,38240,5,Cancelled
1978,115,2024-12-13,29308,15,Completed
1979,304,2024-10-07,79839,10,Completed
1980,35,2024-10-29,43199,5,Cancelled
1981,442,2024-10-14,35725,5,Completed
1982,224,2024-07-08,85966,0,Returned
1983,343,2024-11-04,71600,15,Returned
1984,37,2024-12-18,43279,15,Returned
1985,382,2024-01-21,71434,0,Cancelled
1986,132,2024-01-01,36280,5,Cancelled
1987,11,2024-06-06,82650,15,Cancelled
1988,302,2024-11-08,3171,5,Cancelled
1989,79,2024-05-18,74454,5,Returned
1990,353,2024-01-21,92321,15,Cancelled
1991,185,2024-03-29,6782,15,Returned
1992,429,2024-02-14,76532,10,Cancelled
1993,215,2024-12-06,50232,10,Returned
1994,229,2024-09-04,19290,5,Completed
1995,373,2024-04-18,2883,5,Completed
1996,349,2024-05-16,58192,0,Completed
1997,495,2024-04-26,43688,0,Cancelled
1998,297,2024-11-28,10137,15,Cancelled
1999,67,2024-09-09,54853,5,Cancelled
2000,309,2024-02-10,48199,15,Completed
